"U:0","U:1","U:2","p","vtkValidPointMask","arc_length","Points:0","Points:1","Points:2"
0,0,0,-8.3897e-09,1,0,8,-1,0
-7.7079e-07,1.358e-07,7.7493e-26,-8.402e-09,1,0.002,8,-0.998,0
-1.5416e-06,2.7161e-07,1.5499e-25,-8.4143e-09,1,0.004,8,-0.996,0
-2.3124e-06,4.0741e-07,2.3248e-25,-8.4266e-09,1,0.006,8,-0.994,0
-3.0832e-06,5.4322e-07,3.0998e-25,-8.4389e-09,1,0.008,8,-0.992,0
-3.854e-06,6.7902e-07,3.8747e-25,-8.4513e-09,1,0.01,8,-0.99,0
-4.6248e-06,8.1483e-07,4.6496e-25,-8.4636e-09,1,0.012,8,-0.988,0
-5.3956e-06,9.5063e-07,5.4246e-25,-8.4759e-09,1,0.014,8,-0.986,0
-6.1664e-06,1.0864e-06,6.1995e-25,-8.4882e-09,1,0.016,8,-0.984,0
-6.9372e-06,1.2222e-06,6.9745e-25,-8.5005e-09,1,0.018,8,-0.982,0
-7.708e-06,1.358e-06,7.7494e-25,-8.5128e-09,1,0.02,8,-0.98,0
-8.4788e-06,1.4939e-06,8.5243e-25,-8.5252e-09,1,0.022,8,-0.978,0
-9.2496e-06,1.6297e-06,9.2993e-25,-8.5375e-09,1,0.024,8,-0.976,0
-1.002e-05,1.7655e-06,1.0074e-24,-8.5498e-09,1,0.026,8,-0.974,0
-1.0791e-05,1.9013e-06,1.0849e-24,-8.5621e-09,1,0.028,8,-0.972,0
-1.1562e-05,2.0371e-06,1.1624e-24,-8.5744e-09,1,0.03,8,-0.97,0
-1.2333e-05,2.1729e-06,1.2399e-24,-8.5868e-09,1,0.032,8,-0.968,0
-1.3104e-05,2.3087e-06,1.3174e-24,-8.5991e-09,1,0.034,8,-0.966,0
-1.3874e-05,2.4445e-06,1.3949e-24,-8.6114e-09,1,0.036,8,-0.964,0
-1.4645e-05,2.5803e-06,1.4724e-24,-8.6237e-09,1,0.038,8,-0.962,0
-1.5416e-05,2.7161e-06,1.5499e-24,-8.636e-09,1,0.04,8,-0.96,0
-1.6187e-05,2.8519e-06,1.6274e-24,-8.6483e-09,1,0.042,8,-0.958,0
-1.6958e-05,2.9877e-06,1.7049e-24,-8.6607e-09,1,0.044,8,-0.956,0
-1.7728e-05,3.1235e-06,1.7824e-24,-8.673e-09,1,0.046,8,-0.954,0
-1.8499e-05,3.2593e-06,1.8599e-24,-8.6853e-09,1,0.048,8,-0.952,0
-1.927e-05,3.3951e-06,1.9373e-24,-8.6976e-09,1,0.05,8,-0.95,0
-1.98e-05,3.508e-06,1.8935e-24,-8.7245e-09,1,0.052,8,-0.948,0
-2.0329e-05,3.6208e-06,1.8496e-24,-8.7515e-09,1,0.054,8,-0.946,0
-2.0859e-05,3.7337e-06,1.8057e-24,-8.7784e-09,1,0.056,8,-0.944,0
-2.1389e-05,3.8465e-06,1.7618e-24,-8.8053e-09,1,0.058,8,-0.942,0
-2.1918e-05,3.9594e-06,1.7179e-24,-8.8322e-09,1,0.06,8,-0.94,0
-2.2448e-05,4.0722e-06,1.674e-24,-8.8591e-09,1,0.062,8,-0.938,0
-2.2978e-05,4.1851e-06,1.6301e-24,-8.886e-09,1,0.064,8,-0.936,0
-2.3507e-05,4.298e-06,1.5862e-24,-8.913e-09,1,0.066,8,-0.934,0
-2.4037e-05,4.4108e-06,1.5423e-24,-8.9399e-09,1,0.068,8,-0.932,0
-2.4567e-05,4.5237e-06,1.4985e-24,-8.9668e-09,1,0.07,8,-0.93,0
-2.5096e-05,4.6365e-06,1.4546e-24,-8.9937e-09,1,0.072,8,-0.928,0
-2.5626e-05,4.7494e-06,1.4107e-24,-9.0206e-09,1,0.074,8,-0.926,0
-2.6155e-05,4.8622e-06,1.3668e-24,-9.0475e-09,1,0.076,8,-0.924,0
-2.6685e-05,4.9751e-06,1.3229e-24,-9.0745e-09,1,0.078,8,-0.922,0
-2.7215e-05,5.088e-06,1.279e-24,-9.1014e-09,1,0.08,8,-0.92,0
-2.7744e-05,5.2008e-06,1.2351e-24,-9.1283e-09,1,0.082,8,-0.918,0
-2.8274e-05,5.3137e-06,1.1912e-24,-9.1552e-09,1,0.084,8,-0.916,0
-2.8804e-05,5.4265e-06,1.1473e-24,-9.1821e-09,1,0.086,8,-0.914,0
-2.9333e-05,5.5394e-06,1.1035e-24,-9.2091e-09,1,0.088,8,-0.912,0
-2.9863e-05,5.6522e-06,1.0596e-24,-9.236e-09,1,0.09,8,-0.91,0
-3.0393e-05,5.7651e-06,1.0157e-24,-9.2629e-09,1,0.092,8,-0.908,0
-3.0922e-05,5.8779e-06,9.7179e-25,-9.2898e-09,1,0.094,8,-0.906,0
-3.1452e-05,5.9908e-06,9.279e-25,-9.3167e-09,1,0.096,8,-0.904,0
-3.1982e-05,6.1037e-06,8.8401e-25,-9.3436e-09,1,0.098,8,-0.902,0
-3.2511e-05,6.2165e-06,8.4012e-25,-9.3706e-09,1,0.1,8,-0.9,0
-3.267e-05,6.2663e-06,4.8049e-25,-9.3996e-09,1,0.102,8,-0.898,0
-3.2829e-05,6.316e-06,1.2086e-25,-9.4286e-09,1,0.104,8,-0.896,0
-3.2988e-05,6.3658e-06,-2.3877e-25,-9.4577e-09,1,0.106,8,-0.894,0
-3.3147e-05,6.4156e-06,-5.984e-25,-9.4867e-09,1,0.108,8,-0.892,0
-3.3306e-05,6.4653e-06,-9.5804e-25,-9.5158e-09,1,0.11,8,-0.89,0
-3.3465e-05,6.5151e-06,-1.3177e-24,-9.5448e-09,1,0.112,8,-0.888,0
-3.3624e-05,6.5649e-06,-1.6773e-24,-9.5738e-09,1,0.114,8,-0.886,0
-3.3783e-05,6.6146e-06,-2.0369e-24,-9.6029e-09,1,0.116,8,-0.884,0
-3.3942e-05,6.6644e-06,-2.3966e-24,-9.6319e-09,1,0.118,8,-0.882,0
-3.4101e-05,6.7142e-06,-2.7562e-24,-9.6609e-09,1,0.12,8,-0.88,0
-3.426e-05,6.7639e-06,-3.1158e-24,-9.69e-09,1,0.122,8,-0.878,0
-3.4418e-05,6.8137e-06,-3.4755e-24,-9.719e-09,1,0.124,8,-0.876,0
-3.4577e-05,6.8635e-06,-3.8351e-24,-9.7481e-09,1,0.126,8,-0.874,0
-3.4736e-05,6.9132e-06,-4.1947e-24,-9.7771e-09,1,0.128,8,-0.872,0
-3.4895e-05,6.963e-06,-4.5544e-24,-9.8061e-09,1,0.13,8,-0.87,0
-3.5054e-05,7.0128e-06,-4.914e-24,-9.8352e-09,1,0.132,8,-0.868,0
-3.5213e-05,7.0625e-06,-5.2736e-24,-9.8642e-09,1,0.134,8,-0.866,0
-3.5372e-05,7.1123e-06,-5.6333e-24,-9.8933e-09,1,0.136,8,-0.864,0
-3.5531e-05,7.1621e-06,-5.9929e-24,-9.9223e-09,1,0.138,8,-0.862,0
-3.569e-05,7.2118e-06,-6.3525e-24,-9.9513e-09,1,0.14,8,-0.86,0
-3.5849e-05,7.2616e-06,-6.7122e-24,-9.9804e-09,1,0.142,8,-0.858,0
-3.6008e-05,7.3114e-06,-7.0718e-24,-1.0009e-08,1,0.144,8,-0.856,0
-3.6167e-05,7.3611e-06,-7.4314e-24,-1.0038e-08,1,0.146,8,-0.854,0
-3.6326e-05,7.4109e-06,-7.7911e-24,-1.0067e-08,1,0.148,8,-0.852,0
-3.6484e-05,7.4607e-06,-8.1507e-24,-1.0097e-08,1,0.15,8,-0.85,0
-3.622e-05,7.4382e-06,-7.4243e-24,-1.0127e-08,1,0.152,8,-0.848,0
-3.5955e-05,7.4157e-06,-6.6979e-24,-1.0157e-08,1,0.154,8,-0.846,0
-3.5691e-05,7.3933e-06,-5.9715e-24,-1.0187e-08,1,0.156,8,-0.844,0
-3.5426e-05,7.3708e-06,-5.2452e-24,-1.0217e-08,1,0.158,8,-0.842,0
-3.5162e-05,7.3483e-06,-4.5188e-24,-1.0247e-08,1,0.16,8,-0.84,0
-3.4897e-05,7.3258e-06,-3.7924e-24,-1.0277e-08,1,0.162,8,-0.838,0
-3.4633e-05,7.3034e-06,-3.066e-24,-1.0307e-08,1,0.164,8,-0.836,0
-3.4368e-05,7.2809e-06,-2.3396e-24,-1.0337e-08,1,0.166,8,-0.834,0
-3.4103e-05,7.2584e-06,-1.6133e-24,-1.0368e-08,1,0.168,8,-0.832,0
-3.3839e-05,7.236e-06,-8.8688e-25,-1.0398e-08,1,0.17,8,-0.83,0
-3.3574e-05,7.2135e-06,-1.6051e-25,-1.0428e-08,1,0.172,8,-0.828,0
-3.331e-05,7.191e-06,5.6589e-25,-1.0458e-08,1,0.174,8,-0.826,0
-3.3045e-05,7.1685e-06,1.2923e-24,-1.0488e-08,1,0.176,8,-0.824,0
-3.2781e-05,7.1461e-06,2.0186e-24,-1.0518e-08,1,0.178,8,-0.822,0
-3.2516e-05,7.1236e-06,2.745e-24,-1.0548e-08,1,0.18,8,-0.82,0
-3.2251e-05,7.1011e-06,3.4714e-24,-1.0578e-08,1,0.182,8,-0.818,0
-3.1987e-05,7.0787e-06,4.1978e-24,-1.0609e-08,1,0.184,8,-0.816,0
-3.1722e-05,7.0562e-06,4.9241e-24,-1.0639e-08,1,0.186,8,-0.814,0
-3.1458e-05,7.0337e-06,5.6505e-24,-1.0669e-08,1,0.188,8,-0.812,0
-3.1193e-05,7.0112e-06,6.3769e-24,-1.0699e-08,1,0.19,8,-0.81,0
-3.0929e-05,6.9888e-06,7.1033e-24,-1.0729e-08,1,0.192,8,-0.808,0
-3.0664e-05,6.9663e-06,7.8297e-24,-1.0759e-08,1,0.194,8,-0.806,0
-3.04e-05,6.9438e-06,8.556e-24,-1.0789e-08,1,0.196,8,-0.804,0
-3.0135e-05,6.9214e-06,9.2824e-24,-1.0819e-08,1,0.198,8,-0.802,0
-2.987e-05,6.8989e-06,1.0009e-23,-1.085e-08,1,0.2,8,-0.8,0
-2.9153e-05,6.7977e-06,9.6422e-24,-1.0879e-08,1,0.202,8,-0.798,0
-2.8435e-05,6.6966e-06,9.2756e-24,-1.0908e-08,1,0.204,8,-0.796,0
-2.7718e-05,6.5955e-06,8.909e-24,-1.0937e-08,1,0.206,8,-0.794,0
-2.7e-05,6.4943e-06,8.5423e-24,-1.0966e-08,1,0.208,8,-0.792,0
-2.6283e-05,6.3932e-06,8.1757e-24,-1.0995e-08,1,0.21,8,-0.79,0
-2.5565e-05,6.292e-06,7.8091e-24,-1.1024e-08,1,0.212,8,-0.788,0
-2.4847e-05,6.1909e-06,7.4425e-24,-1.1054e-08,1,0.214,8,-0.786,0
-2.413e-05,6.0898e-06,7.0759e-24,-1.1083e-08,1,0.216,8,-0.784,0
-2.3412e-05,5.9886e-06,6.7093e-24,-1.1112e-08,1,0.218,8,-0.782,0
-2.2695e-05,5.8875e-06,6.3427e-24,-1.1141e-08,1,0.22,8,-0.78,0
-2.1977e-05,5.7863e-06,5.976e-24,-1.117e-08,1,0.222,8,-0.778,0
-2.126e-05,5.6852e-06,5.6094e-24,-1.1199e-08,1,0.224,8,-0.776,0
-2.0542e-05,5.5841e-06,5.2428e-24,-1.1229e-08,1,0.226,8,-0.774,0
-1.9824e-05,5.4829e-06,4.8762e-24,-1.1258e-08,1,0.228,8,-0.772,0
-1.9107e-05,5.3818e-06,4.5096e-24,-1.1287e-08,1,0.23,8,-0.77,0
-1.8389e-05,5.2806e-06,4.143e-24,-1.1316e-08,1,0.232,8,-0.768,0
-1.7672e-05,5.1795e-06,3.7764e-24,-1.1345e-08,1,0.234,8,-0.766,0
-1.6954e-05,5.0784e-06,3.4097e-24,-1.1374e-08,1,0.236,8,-0.764,0
-1.6237e-05,4.9772e-06,3.0431e-24,-1.1404e-08,1,0.238,8,-0.762,0
-1.5519e-05,4.8761e-06,2.6765e-24,-1.1433e-08,1,0.24,8,-0.76,0
-1.4802e-05,4.7749e-06,2.3099e-24,-1.1462e-08,1,0.242,8,-0.758,0
-1.4084e-05,4.6738e-06,1.9433e-24,-1.1491e-08,1,0.244,8,-0.756,0
-1.3366e-05,4.5726e-06,1.5767e-24,-1.152e-08,1,0.246,8,-0.754,0
-1.2649e-05,4.4715e-06,1.2101e-24,-1.1549e-08,1,0.248,8,-0.752,0
-1.1931e-05,4.3704e-06,8.4344e-25,-1.1579e-08,1,0.25,8,-0.75,0
-1.074e-05,4.1879e-06,8.161e-25,-1.1605e-08,1,0.252,8,-0.748,0
-9.548e-06,4.0053e-06,7.8875e-25,-1.1631e-08,1,0.254,8,-0.746,0
-8.3563e-06,3.8228e-06,7.6141e-25,-1.1657e-08,1,0.256,8,-0.744,0
-7.1647e-06,3.6403e-06,7.3406e-25,-1.1684e-08,1,0.258,8,-0.742,0
-5.973e-06,3.4578e-06,7.0672e-25,-1.171e-08,1,0.26,8,-0.74,0
-4.7814e-06,3.2753e-06,6.7937e-25,-1.1736e-08,1,0.262,8,-0.738,0
-3.5897e-06,3.0927e-06,6.5203e-25,-1.1762e-08,1,0.264,8,-0.736,0
-2.3981e-06,2.9102e-06,6.2468e-25,-1.1789e-08,1,0.266,8,-0.734,0
-1.2064e-06,2.7277e-06,5.9734e-25,-1.1815e-08,1,0.268,8,-0.732,0
-1.479e-08,2.5452e-06,5.6999e-25,-1.1841e-08,1,0.27,8,-0.73,0
1.1769e-06,2.3627e-06,5.4265e-25,-1.1867e-08,1,0.272,8,-0.728,0
2.3685e-06,2.1802e-06,5.153e-25,-1.1894e-08,1,0.274,8,-0.726,0
3.5602e-06,1.9976e-06,4.8796e-25,-1.192e-08,1,0.276,8,-0.724,0
4.7518e-06,1.8151e-06,4.6061e-25,-1.1946e-08,1,0.278,8,-0.722,0
5.9434e-06,1.6326e-06,4.3327e-25,-1.1972e-08,1,0.28,8,-0.72,0
7.1351e-06,1.4501e-06,4.0592e-25,-1.1999e-08,1,0.282,8,-0.718,0
8.3268e-06,1.2676e-06,3.7858e-25,-1.2025e-08,1,0.284,8,-0.716,0
9.5184e-06,1.0851e-06,3.5123e-25,-1.2051e-08,1,0.286,8,-0.714,0
1.071e-05,9.0254e-07,3.2389e-25,-1.2077e-08,1,0.288,8,-0.712,0
1.1902e-05,7.2002e-07,2.9654e-25,-1.2103e-08,1,0.29,8,-0.71,0
1.3093e-05,5.3751e-07,2.692e-25,-1.213e-08,1,0.292,8,-0.708,0
1.4285e-05,3.5499e-07,2.4185e-25,-1.2156e-08,1,0.294,8,-0.706,0
1.5477e-05,1.7247e-07,2.1451e-25,-1.2182e-08,1,0.296,8,-0.704,0
1.6668e-05,-1.004e-08,1.8716e-25,-1.2208e-08,1,0.298,8,-0.702,0
1.786e-05,-1.9256e-07,1.5982e-25,-1.2235e-08,1,0.3,8,-0.7,0
1.9542e-05,-4.5591e-07,2.1369e-25,-1.2257e-08,1,0.302,8,-0.698,0
2.1225e-05,-7.1926e-07,2.6756e-25,-1.2279e-08,1,0.304,8,-0.696,0
2.2907e-05,-9.826e-07,3.2143e-25,-1.2301e-08,1,0.306,8,-0.694,0
2.459e-05,-1.246e-06,3.753e-25,-1.2323e-08,1,0.308,8,-0.692,0
2.6272e-05,-1.5093e-06,4.2917e-25,-1.2345e-08,1,0.31,8,-0.69,0
2.7955e-05,-1.7726e-06,4.8304e-25,-1.2367e-08,1,0.312,8,-0.688,0
2.9637e-05,-2.036e-06,5.3691e-25,-1.2389e-08,1,0.314,8,-0.686,0
3.132e-05,-2.2993e-06,5.9078e-25,-1.2411e-08,1,0.316,8,-0.684,0
3.3002e-05,-2.5627e-06,6.4465e-25,-1.2433e-08,1,0.318,8,-0.682,0
3.4684e-05,-2.826e-06,6.9852e-25,-1.2455e-08,1,0.32,8,-0.68,0
3.6367e-05,-3.0894e-06,7.5239e-25,-1.2477e-08,1,0.322,8,-0.678,0
3.8049e-05,-3.3527e-06,8.0626e-25,-1.2499e-08,1,0.324,8,-0.676,0
3.9732e-05,-3.6161e-06,8.6013e-25,-1.2521e-08,1,0.326,8,-0.674,0
4.1414e-05,-3.8794e-06,9.14e-25,-1.2543e-08,1,0.328,8,-0.672,0
4.3097e-05,-4.1428e-06,9.6787e-25,-1.2565e-08,1,0.33,8,-0.67,0
4.4779e-05,-4.4061e-06,1.0217e-24,-1.2587e-08,1,0.332,8,-0.668,0
4.6462e-05,-4.6695e-06,1.0756e-24,-1.2609e-08,1,0.334,8,-0.666,0
4.8144e-05,-4.9328e-06,1.1295e-24,-1.2631e-08,1,0.336,8,-0.664,0
4.9827e-05,-5.1962e-06,1.1833e-24,-1.2653e-08,1,0.338,8,-0.662,0
5.1509e-05,-5.4595e-06,1.2372e-24,-1.2675e-08,1,0.34,8,-0.66,0
5.3191e-05,-5.7229e-06,1.2911e-24,-1.2697e-08,1,0.342,8,-0.658,0
5.4874e-05,-5.9862e-06,1.345e-24,-1.2719e-08,1,0.344,8,-0.656,0
5.6556e-05,-6.2496e-06,1.3988e-24,-1.274e-08,1,0.346,8,-0.654,0
5.8239e-05,-6.5129e-06,1.4527e-24,-1.2762e-08,1,0.348,8,-0.652,0
5.9921e-05,-6.7763e-06,1.5066e-24,-1.2784e-08,1,0.35,8,-0.65,0
6.2108e-05,-7.1169e-06,9.6758e-25,-1.2801e-08,1,0.352,8,-0.648,0
6.4295e-05,-7.4575e-06,4.2858e-25,-1.2818e-08,1,0.354,8,-0.646,0
6.6482e-05,-7.7982e-06,-1.1043e-25,-1.2835e-08,1,0.356,8,-0.644,0
6.8669e-05,-8.1388e-06,-6.4942e-25,-1.2852e-08,1,0.358,8,-0.642,0
7.0856e-05,-8.4794e-06,-1.1884e-24,-1.2869e-08,1,0.36,8,-0.64,0
7.3042e-05,-8.82e-06,-1.7274e-24,-1.2886e-08,1,0.362,8,-0.638,0
7.5229e-05,-9.1607e-06,-2.2664e-24,-1.2903e-08,1,0.364,8,-0.636,0
7.7416e-05,-9.5013e-06,-2.8054e-24,-1.292e-08,1,0.366,8,-0.634,0
7.9603e-05,-9.8419e-06,-3.3444e-24,-1.2937e-08,1,0.368,8,-0.632,0
8.179e-05,-1.0183e-05,-3.8834e-24,-1.2954e-08,1,0.37,8,-0.63,0
8.3977e-05,-1.0523e-05,-4.4224e-24,-1.2971e-08,1,0.372,8,-0.628,0
8.6164e-05,-1.0864e-05,-4.9614e-24,-1.2988e-08,1,0.374,8,-0.626,0
8.835e-05,-1.1204e-05,-5.5004e-24,-1.3005e-08,1,0.376,8,-0.624,0
9.0537e-05,-1.1545e-05,-6.0394e-24,-1.3022e-08,1,0.378,8,-0.622,0
9.2724e-05,-1.1886e-05,-6.5784e-24,-1.3039e-08,1,0.38,8,-0.62,0
9.4911e-05,-1.2226e-05,-7.1174e-24,-1.3056e-08,1,0.382,8,-0.618,0
9.7098e-05,-1.2567e-05,-7.6564e-24,-1.3073e-08,1,0.384,8,-0.616,0
9.9285e-05,-1.2908e-05,-8.1954e-24,-1.309e-08,1,0.386,8,-0.614,0
0.00010147,-1.3248e-05,-8.7344e-24,-1.3107e-08,1,0.388,8,-0.612,0
0.00010366,-1.3589e-05,-9.2734e-24,-1.3124e-08,1,0.39,8,-0.61,0
0.00010585,-1.3929e-05,-9.8124e-24,-1.3141e-08,1,0.392,8,-0.608,0
0.00010803,-1.427e-05,-1.0351e-23,-1.3158e-08,1,0.394,8,-0.606,0
0.00011022,-1.4611e-05,-1.089e-23,-1.3175e-08,1,0.396,8,-0.604,0
0.00011241,-1.4951e-05,-1.1429e-23,-1.3192e-08,1,0.398,8,-0.602,0
0.00011459,-1.5292e-05,-1.1968e-23,-1.3209e-08,1,0.4,8,-0.6,0
0.00011729,-1.5704e-05,-1.149e-23,-1.3221e-08,1,0.402,8,-0.598,0
0.00012,-1.6115e-05,-1.1011e-23,-1.3233e-08,1,0.404,8,-0.596,0
0.0001227,-1.6527e-05,-1.0532e-23,-1.3244e-08,1,0.406,8,-0.594,0
0.0001254,-1.6939e-05,-1.0053e-23,-1.3256e-08,1,0.408,8,-0.592,0
0.0001281,-1.735e-05,-9.5747e-24,-1.3268e-08,1,0.41,8,-0.59,0
0.0001308,-1.7762e-05,-9.096e-24,-1.328e-08,1,0.412,8,-0.588,0
0.00013351,-1.8174e-05,-8.6173e-24,-1.3292e-08,1,0.414,8,-0.586,0
0.00013621,-1.8585e-05,-8.1385e-24,-1.3303e-08,1,0.416,8,-0.584,0
0.00013891,-1.8997e-05,-7.6598e-24,-1.3315e-08,1,0.418,8,-0.582,0
0.00014161,-1.9409e-05,-7.1811e-24,-1.3327e-08,1,0.42,8,-0.58,0
0.00014431,-1.9821e-05,-6.7023e-24,-1.3339e-08,1,0.422,8,-0.578,0
0.00014702,-2.0232e-05,-6.2236e-24,-1.335e-08,1,0.424,8,-0.576,0
0.00014972,-2.0644e-05,-5.7448e-24,-1.3362e-08,1,0.426,8,-0.574,0
0.00015242,-2.1056e-05,-5.2661e-24,-1.3374e-08,1,0.428,8,-0.572,0
0.00015512,-2.1467e-05,-4.7874e-24,-1.3386e-08,1,0.43,8,-0.57,0
0.00015782,-2.1879e-05,-4.3086e-24,-1.3398e-08,1,0.432,8,-0.568,0
0.00016053,-2.2291e-05,-3.8299e-24,-1.3409e-08,1,0.434,8,-0.566,0
0.00016323,-2.2702e-05,-3.3512e-24,-1.3421e-08,1,0.436,8,-0.564,0
0.00016593,-2.3114e-05,-2.8724e-24,-1.3433e-08,1,0.438,8,-0.562,0
0.00016863,-2.3526e-05,-2.3937e-24,-1.3445e-08,1,0.44,8,-0.56,0
0.00017133,-2.3937e-05,-1.915e-24,-1.3457e-08,1,0.442,8,-0.558,0
0.00017404,-2.4349e-05,-1.4362e-24,-1.3468e-08,1,0.444,8,-0.556,0
0.00017674,-2.4761e-05,-9.5748e-25,-1.348e-08,1,0.446,8,-0.554,0
0.00017944,-2.5172e-05,-4.7873e-25,-1.3492e-08,1,0.448,8,-0.552,0
0.00018214,-2.5584e-05,0,-1.3504e-08,1,0.45,8,-0.55,0
0.00018536,-2.6058e-05,0,-1.3511e-08,1,0.452,8,-0.548,0
0.00018859,-2.6532e-05,0,-1.3518e-08,1,0.454,8,-0.546,0
0.00019181,-2.7006e-05,0,-1.3525e-08,1,0.456,8,-0.544,0
0.00019503,-2.748e-05,0,-1.3531e-08,1,0.458,8,-0.542,0
0.00019825,-2.7955e-05,0,-1.3538e-08,1,0.46,8,-0.54,0
0.00020147,-2.8429e-05,0,-1.3545e-08,1,0.462,8,-0.538,0
0.00020469,-2.8903e-05,0,-1.3552e-08,1,0.464,8,-0.536,0
0.00020792,-2.9377e-05,0,-1.3559e-08,1,0.466,8,-0.534,0
0.00021114,-2.9851e-05,0,-1.3566e-08,1,0.468,8,-0.532,0
0.00021436,-3.0325e-05,0,-1.3573e-08,1,0.47,8,-0.53,0
0.00021758,-3.0799e-05,0,-1.358e-08,1,0.472,8,-0.528,0
0.0002208,-3.1273e-05,0,-1.3587e-08,1,0.474,8,-0.526,0
0.00022403,-3.1747e-05,0,-1.3594e-08,1,0.476,8,-0.524,0
0.00022725,-3.2221e-05,0,-1.3601e-08,1,0.478,8,-0.522,0
0.00023047,-3.2695e-05,0,-1.3608e-08,1,0.48,8,-0.52,0
0.00023369,-3.3169e-05,0,-1.3615e-08,1,0.482,8,-0.518,0
0.00023691,-3.3643e-05,0,-1.3622e-08,1,0.484,8,-0.516,0
0.00024013,-3.4117e-05,0,-1.3628e-08,1,0.486,8,-0.514,0
0.00024336,-3.4592e-05,0,-1.3635e-08,1,0.488,8,-0.512,0
0.00024658,-3.5066e-05,0,-1.3642e-08,1,0.49,8,-0.51,0
0.0002498,-3.554e-05,0,-1.3649e-08,1,0.492,8,-0.508,0
0.00025302,-3.6014e-05,0,-1.3656e-08,1,0.494,8,-0.506,0
0.00025624,-3.6488e-05,0,-1.3663e-08,1,0.496,8,-0.504,0
0.00025947,-3.6962e-05,0,-1.367e-08,1,0.498,8,-0.502,0
0.00026269,-3.7436e-05,0,-1.3677e-08,1,0.5,8,-0.5,0
0.00026642,-3.7961e-05,-4.3754e-25,-1.368e-08,1,0.502,8,-0.498,0
0.00027016,-3.8487e-05,-8.7509e-25,-1.3683e-08,1,0.504,8,-0.496,0
0.00027389,-3.9012e-05,-1.3126e-24,-1.3686e-08,1,0.506,8,-0.494,0
0.00027763,-3.9538e-05,-1.7502e-24,-1.3689e-08,1,0.508,8,-0.492,0
0.00028137,-4.0063e-05,-2.1877e-24,-1.3692e-08,1,0.51,8,-0.49,0
0.0002851,-4.0588e-05,-2.6253e-24,-1.3695e-08,1,0.512,8,-0.488,0
0.00028884,-4.1114e-05,-3.0628e-24,-1.3697e-08,1,0.514,8,-0.486,0
0.00029257,-4.1639e-05,-3.5003e-24,-1.37e-08,1,0.516,8,-0.484,0
0.00029631,-4.2165e-05,-3.9379e-24,-1.3703e-08,1,0.518,8,-0.482,0
0.00030004,-4.269e-05,-4.3754e-24,-1.3706e-08,1,0.52,8,-0.48,0
0.00030378,-4.3215e-05,-4.813e-24,-1.3709e-08,1,0.522,8,-0.478,0
0.00030752,-4.3741e-05,-5.2505e-24,-1.3712e-08,1,0.524,8,-0.476,0
0.00031125,-4.4266e-05,-5.688e-24,-1.3715e-08,1,0.526,8,-0.474,0
0.00031499,-4.4792e-05,-6.1256e-24,-1.3718e-08,1,0.528,8,-0.472,0
0.00031872,-4.5317e-05,-6.5631e-24,-1.3721e-08,1,0.53,8,-0.47,0
0.00032246,-4.5842e-05,-7.0007e-24,-1.3724e-08,1,0.532,8,-0.468,0
0.00032619,-4.6368e-05,-7.4382e-24,-1.3727e-08,1,0.534,8,-0.466,0
0.00032993,-4.6893e-05,-7.8758e-24,-1.373e-08,1,0.536,8,-0.464,0
0.00033367,-4.7418e-05,-8.3133e-24,-1.3732e-08,1,0.538,8,-0.462,0
0.0003374,-4.7944e-05,-8.7508e-24,-1.3735e-08,1,0.54,8,-0.46,0
0.00034114,-4.8469e-05,-9.1884e-24,-1.3738e-08,1,0.542,8,-0.458,0
0.00034487,-4.8995e-05,-9.6259e-24,-1.3741e-08,1,0.544,8,-0.456,0
0.00034861,-4.952e-05,-1.0063e-23,-1.3744e-08,1,0.546,8,-0.454,0
0.00035234,-5.0045e-05,-1.0501e-23,-1.3747e-08,1,0.548,8,-0.452,0
0.00035608,-5.0571e-05,-1.0939e-23,-1.375e-08,1,0.55,8,-0.45,0
0.00036031,-5.1134e-05,-1.0565e-23,-1.375e-08,1,0.552,8,-0.448,0
0.00036453,-5.1697e-05,-1.019e-23,-1.3751e-08,1,0.554,8,-0.446,0
0.00036876,-5.2261e-05,-9.8164e-24,-1.3751e-08,1,0.556,8,-0.444,0
0.00037299,-5.2824e-05,-9.4424e-24,-1.3751e-08,1,0.558,8,-0.442,0
0.00037722,-5.3387e-05,-9.0683e-24,-1.3751e-08,1,0.56,8,-0.44,0
0.00038144,-5.3951e-05,-8.6942e-24,-1.3752e-08,1,0.562,8,-0.438,0
0.00038567,-5.4514e-05,-8.3202e-24,-1.3752e-08,1,0.564,8,-0.436,0
0.0003899,-5.5077e-05,-7.9461e-24,-1.3752e-08,1,0.566,8,-0.434,0
0.00039412,-5.564e-05,-7.5721e-24,-1.3752e-08,1,0.568,8,-0.432,0
0.00039835,-5.6204e-05,-7.198e-24,-1.3753e-08,1,0.57,8,-0.43,0
0.00040258,-5.6767e-05,-6.824e-24,-1.3753e-08,1,0.572,8,-0.428,0
0.00040681,-5.733e-05,-6.4499e-24,-1.3753e-08,1,0.574,8,-0.426,0
0.00041103,-5.7893e-05,-6.0759e-24,-1.3754e-08,1,0.576,8,-0.424,0
0.00041526,-5.8457e-05,-5.7018e-24,-1.3754e-08,1,0.578,8,-0.422,0
0.00041949,-5.902e-05,-5.3278e-24,-1.3754e-08,1,0.58,8,-0.42,0
0.00042372,-5.9583e-05,-4.9537e-24,-1.3754e-08,1,0.582,8,-0.418,0
0.00042794,-6.0147e-05,-4.5797e-24,-1.3755e-08,1,0.584,8,-0.416,0
0.00043217,-6.071e-05,-4.2056e-24,-1.3755e-08,1,0.586,8,-0.414,0
0.0004364,-6.1273e-05,-3.8316e-24,-1.3755e-08,1,0.588,8,-0.412,0
0.00044062,-6.1836e-05,-3.4575e-24,-1.3755e-08,1,0.59,8,-0.41,0
0.00044485,-6.24e-05,-3.0835e-24,-1.3756e-08,1,0.592,8,-0.408,0
0.00044908,-6.2963e-05,-2.7094e-24,-1.3756e-08,1,0.594,8,-0.406,0
0.00045331,-6.3526e-05,-2.3354e-24,-1.3756e-08,1,0.596,8,-0.404,0
0.00045753,-6.409e-05,-1.9613e-24,-1.3757e-08,1,0.598,8,-0.402,0
0.00046176,-6.4653e-05,-1.5873e-24,-1.3757e-08,1,0.6,8,-0.4,0
0.00046643,-6.5238e-05,-1.0818e-24,-1.3756e-08,1,0.602,8,-0.398,0
0.00047111,-6.5823e-05,-5.763e-25,-1.3756e-08,1,0.604,8,-0.396,0
0.00047578,-6.6409e-05,-7.0827e-26,-1.3755e-08,1,0.606,8,-0.394,0
0.00048046,-6.6994e-05,4.3465e-25,-1.3755e-08,1,0.608,8,-0.392,0
0.00048513,-6.7579e-05,9.4012e-25,-1.3754e-08,1,0.61,8,-0.39,0
0.0004898,-6.8165e-05,1.4456e-24,-1.3754e-08,1,0.612,8,-0.388,0
0.00049448,-6.875e-05,1.9511e-24,-1.3753e-08,1,0.614,8,-0.386,0
0.00049915,-6.9335e-05,2.4565e-24,-1.3753e-08,1,0.616,8,-0.384,0
0.00050382,-6.992e-05,2.962e-24,-1.3752e-08,1,0.618,8,-0.382,0
0.0005085,-7.0506e-05,3.4675e-24,-1.3752e-08,1,0.62,8,-0.38,0
0.00051317,-7.1091e-05,3.973e-24,-1.3751e-08,1,0.622,8,-0.378,0
0.00051785,-7.1676e-05,4.4784e-24,-1.3751e-08,1,0.624,8,-0.376,0
0.00052252,-7.2262e-05,4.9839e-24,-1.375e-08,1,0.626,8,-0.374,0
0.00052719,-7.2847e-05,5.4894e-24,-1.3749e-08,1,0.628,8,-0.372,0
0.00053187,-7.3432e-05,5.9949e-24,-1.3749e-08,1,0.63,8,-0.37,0
0.00053654,-7.4018e-05,6.5003e-24,-1.3748e-08,1,0.632,8,-0.368,0
0.00054121,-7.4603e-05,7.0058e-24,-1.3748e-08,1,0.634,8,-0.366,0
0.00054589,-7.5188e-05,7.5113e-24,-1.3747e-08,1,0.636,8,-0.364,0
0.00055056,-7.5773e-05,8.0168e-24,-1.3747e-08,1,0.638,8,-0.362,0
0.00055524,-7.6359e-05,8.5222e-24,-1.3746e-08,1,0.64,8,-0.36,0
0.00055991,-7.6944e-05,9.0277e-24,-1.3746e-08,1,0.642,8,-0.358,0
0.00056458,-7.7529e-05,9.5332e-24,-1.3745e-08,1,0.644,8,-0.356,0
0.00056926,-7.8115e-05,1.0039e-23,-1.3745e-08,1,0.646,8,-0.354,0
0.00057393,-7.87e-05,1.0544e-23,-1.3744e-08,1,0.648,8,-0.352,0
0.0005786,-7.9285e-05,1.105e-23,-1.3744e-08,1,0.65,8,-0.35,0
0.00058365,-7.9874e-05,1.0608e-23,-1.3745e-08,1,0.652,8,-0.348,0
0.0005887,-8.0464e-05,1.0166e-23,-1.3746e-08,1,0.654,8,-0.346,0
0.00059375,-8.1053e-05,9.7237e-24,-1.3747e-08,1,0.656,8,-0.344,0
0.0005988,-8.1642e-05,9.2817e-24,-1.3748e-08,1,0.658,8,-0.342,0
0.00060384,-8.2231e-05,8.8397e-24,-1.3749e-08,1,0.66,8,-0.34,0
0.00060889,-8.282e-05,8.3977e-24,-1.375e-08,1,0.662,8,-0.338,0
0.00061394,-8.341e-05,7.9557e-24,-1.3751e-08,1,0.664,8,-0.336,0
0.00061899,-8.3999e-05,7.5137e-24,-1.3752e-08,1,0.666,8,-0.334,0
0.00062403,-8.4588e-05,7.0717e-24,-1.3753e-08,1,0.668,8,-0.332,0
0.00062908,-8.5177e-05,6.6298e-24,-1.3754e-08,1,0.67,8,-0.33,0
0.00063413,-8.5766e-05,6.1878e-24,-1.3755e-08,1,0.672,8,-0.328,0
0.00063918,-8.6356e-05,5.7458e-24,-1.3756e-08,1,0.674,8,-0.326,0
0.00064422,-8.6945e-05,5.3038e-24,-1.3757e-08,1,0.676,8,-0.324,0
0.00064927,-8.7534e-05,4.8618e-24,-1.3758e-08,1,0.678,8,-0.322,0
0.00065432,-8.8123e-05,4.4198e-24,-1.3759e-08,1,0.68,8,-0.32,0
0.00065937,-8.8712e-05,3.9779e-24,-1.376e-08,1,0.682,8,-0.318,0
0.00066442,-8.9302e-05,3.5359e-24,-1.3761e-08,1,0.684,8,-0.316,0
0.00066946,-8.9891e-05,3.0939e-24,-1.3762e-08,1,0.686,8,-0.314,0
0.00067451,-9.048e-05,2.6519e-24,-1.3763e-08,1,0.688,8,-0.312,0
0.00067956,-9.1069e-05,2.2099e-24,-1.3764e-08,1,0.69,8,-0.31,0
0.00068461,-9.1658e-05,1.7679e-24,-1.3765e-08,1,0.692,8,-0.308,0
0.00068965,-9.2248e-05,1.326e-24,-1.3766e-08,1,0.694,8,-0.306,0
0.0006947,-9.2837e-05,8.8396e-25,-1.3767e-08,1,0.696,8,-0.304,0
0.00069975,-9.3426e-05,4.4198e-25,-1.3768e-08,1,0.698,8,-0.302,0
0.0007048,-9.4015e-05,0,-1.3769e-08,1,0.7,8,-0.3,0
0.00071011,-9.4588e-05,0,-1.3774e-08,1,0.702,8,-0.298,0
0.00071543,-9.5162e-05,0,-1.3779e-08,1,0.704,8,-0.296,0
0.00072075,-9.5735e-05,0,-1.3784e-08,1,0.706,8,-0.294,0
0.00072607,-9.6308e-05,0,-1.379e-08,1,0.708,8,-0.292,0
0.00073139,-9.6881e-05,0,-1.3795e-08,1,0.71,8,-0.29,0
0.0007367,-9.7455e-05,0,-1.38e-08,1,0.712,8,-0.288,0
0.00074202,-9.8028e-05,0,-1.3805e-08,1,0.714,8,-0.286,0
0.00074734,-9.8601e-05,0,-1.381e-08,1,0.716,8,-0.284,0
0.00075266,-9.9174e-05,0,-1.3816e-08,1,0.718,8,-0.282,0
0.00075798,-9.9748e-05,0,-1.3821e-08,1,0.72,8,-0.28,0
0.00076329,-0.00010032,0,-1.3826e-08,1,0.722,8,-0.278,0
0.00076861,-0.00010089,0,-1.3831e-08,1,0.724,8,-0.276,0
0.00077393,-0.00010147,0,-1.3836e-08,1,0.726,8,-0.274,0
0.00077925,-0.00010204,0,-1.3842e-08,1,0.728,8,-0.272,0
0.00078457,-0.00010261,0,-1.3847e-08,1,0.73,8,-0.27,0
0.00078988,-0.00010319,0,-1.3852e-08,1,0.732,8,-0.268,0
0.0007952,-0.00010376,0,-1.3857e-08,1,0.734,8,-0.266,0
0.00080052,-0.00010433,0,-1.3862e-08,1,0.736,8,-0.264,0
0.00080584,-0.00010491,0,-1.3868e-08,1,0.738,8,-0.262,0
0.00081116,-0.00010548,0,-1.3873e-08,1,0.74,8,-0.26,0
0.00081647,-0.00010605,0,-1.3878e-08,1,0.742,8,-0.258,0
0.00082179,-0.00010663,0,-1.3883e-08,1,0.744,8,-0.256,0
0.00082711,-0.0001072,0,-1.3888e-08,1,0.746,8,-0.254,0
0.00083243,-0.00010777,0,-1.3894e-08,1,0.748,8,-0.252,0
0.00083774,-0.00010835,0,-1.3899e-08,1,0.75,8,-0.25,0
0.0008432,-0.00010888,0,-1.3911e-08,1,0.752,8,-0.248,0
0.00084865,-0.00010942,0,-1.3923e-08,1,0.754,8,-0.246,0
0.00085411,-0.00010996,0,-1.3935e-08,1,0.756,8,-0.244,0
0.00085956,-0.00011049,0,-1.3948e-08,1,0.758,8,-0.242,0
0.00086501,-0.00011103,0,-1.396e-08,1,0.76,8,-0.24,0
0.00087047,-0.00011156,0,-1.3972e-08,1,0.762,8,-0.238,0
0.00087592,-0.0001121,0,-1.3984e-08,1,0.764,8,-0.236,0
0.00088137,-0.00011264,0,-1.3997e-08,1,0.766,8,-0.234,0
0.00088683,-0.00011317,0,-1.4009e-08,1,0.768,8,-0.232,0
0.00089228,-0.00011371,0,-1.4021e-08,1,0.77,8,-0.23,0
0.00089773,-0.00011425,0,-1.4033e-08,1,0.772,8,-0.228,0
0.00090319,-0.00011478,0,-1.4046e-08,1,0.774,8,-0.226,0
0.00090864,-0.00011532,0,-1.4058e-08,1,0.776,8,-0.224,0
0.00091409,-0.00011586,0,-1.407e-08,1,0.778,8,-0.222,0
0.00091955,-0.00011639,0,-1.4082e-08,1,0.78,8,-0.22,0
0.000925,-0.00011693,0,-1.4094e-08,1,0.782,8,-0.218,0
0.00093045,-0.00011747,0,-1.4107e-08,1,0.784,8,-0.216,0
0.00093591,-0.000118,0,-1.4119e-08,1,0.786,8,-0.214,0
0.00094136,-0.00011854,0,-1.4131e-08,1,0.788,8,-0.212,0
0.00094682,-0.00011907,0,-1.4143e-08,1,0.79,8,-0.21,0
0.00095227,-0.00011961,0,-1.4156e-08,1,0.792,8,-0.208,0
0.00095772,-0.00012015,0,-1.4168e-08,1,0.794,8,-0.206,0
0.00096318,-0.00012068,0,-1.418e-08,1,0.796,8,-0.204,0
0.00096863,-0.00012122,0,-1.4192e-08,1,0.798,8,-0.202,0
0.00097408,-0.00012176,0,-1.4204e-08,1,0.8,8,-0.2,0
0.00097951,-0.00012224,0,-1.4226e-08,1,0.802,8,-0.198,0
0.00098494,-0.00012272,0,-1.4248e-08,1,0.804,8,-0.196,0
0.00099036,-0.00012319,0,-1.427e-08,1,0.806,8,-0.194,0
0.00099579,-0.00012367,0,-1.4292e-08,1,0.808,8,-0.192,0
0.0010012,-0.00012415,0,-1.4314e-08,1,0.81,8,-0.19,0
0.0010066,-0.00012463,0,-1.4336e-08,1,0.812,8,-0.188,0
0.0010121,-0.00012511,0,-1.4358e-08,1,0.814,8,-0.186,0
0.0010175,-0.00012559,0,-1.438e-08,1,0.816,8,-0.184,0
0.0010229,-0.00012607,0,-1.4402e-08,1,0.818,8,-0.182,0
0.0010284,-0.00012655,0,-1.4424e-08,1,0.82,8,-0.18,0
0.0010338,-0.00012703,0,-1.4446e-08,1,0.822,8,-0.178,0
0.0010392,-0.00012751,0,-1.4468e-08,1,0.824,8,-0.176,0
0.0010446,-0.00012799,0,-1.449e-08,1,0.826,8,-0.174,0
0.0010501,-0.00012846,0,-1.4512e-08,1,0.828,8,-0.172,0
0.0010555,-0.00012894,0,-1.4534e-08,1,0.83,8,-0.17,0
0.0010609,-0.00012942,0,-1.4556e-08,1,0.832,8,-0.168,0
0.0010663,-0.0001299,0,-1.4578e-08,1,0.834,8,-0.166,0
0.0010718,-0.00013038,0,-1.46e-08,1,0.836,8,-0.164,0
0.0010772,-0.00013086,0,-1.4622e-08,1,0.838,8,-0.162,0
0.0010826,-0.00013134,0,-1.4644e-08,1,0.84,8,-0.16,0
0.0010881,-0.00013182,0,-1.4666e-08,1,0.842,8,-0.158,0
0.0010935,-0.0001323,0,-1.4688e-08,1,0.844,8,-0.156,0
0.0010989,-0.00013278,0,-1.471e-08,1,0.846,8,-0.154,0
0.0011043,-0.00013325,0,-1.4732e-08,1,0.848,8,-0.152,0
0.0011098,-0.00013373,0,-1.4754e-08,1,0.85,8,-0.15,0
0.001115,-0.00013414,0,-1.4788e-08,1,0.852,8,-0.148,0
0.0011202,-0.00013454,0,-1.4822e-08,1,0.854,8,-0.146,0
0.0011254,-0.00013494,0,-1.4856e-08,1,0.856,8,-0.144,0
0.0011306,-0.00013534,0,-1.489e-08,1,0.858,8,-0.142,0
0.0011359,-0.00013575,0,-1.4924e-08,1,0.86,8,-0.14,0
0.0011411,-0.00013615,0,-1.4958e-08,1,0.862,8,-0.138,0
0.0011463,-0.00013655,0,-1.4992e-08,1,0.864,8,-0.136,0
0.0011515,-0.00013696,0,-1.5026e-08,1,0.866,8,-0.134,0
0.0011567,-0.00013736,0,-1.506e-08,1,0.868,8,-0.132,0
0.001162,-0.00013776,0,-1.5094e-08,1,0.87,8,-0.13,0
0.0011672,-0.00013816,0,-1.5128e-08,1,0.872,8,-0.128,0
0.0011724,-0.00013857,0,-1.5162e-08,1,0.874,8,-0.126,0
0.0011776,-0.00013897,0,-1.5196e-08,1,0.876,8,-0.124,0
0.0011828,-0.00013937,0,-1.523e-08,1,0.878,8,-0.122,0
0.0011881,-0.00013977,0,-1.5264e-08,1,0.88,8,-0.12,0
0.0011933,-0.00014018,0,-1.5298e-08,1,0.882,8,-0.118,0
0.0011985,-0.00014058,0,-1.5332e-08,1,0.884,8,-0.116,0
0.0012037,-0.00014098,0,-1.5366e-08,1,0.886,8,-0.114,0
0.0012089,-0.00014139,0,-1.54e-08,1,0.888,8,-0.112,0
0.0012142,-0.00014179,0,-1.5434e-08,1,0.89,8,-0.11,0
0.0012194,-0.00014219,0,-1.5468e-08,1,0.892,8,-0.108,0
0.0012246,-0.00014259,0,-1.5502e-08,1,0.894,8,-0.106,0
0.0012298,-0.000143,0,-1.5536e-08,1,0.896,8,-0.104,0
0.001235,-0.0001434,0,-1.557e-08,1,0.898,8,-0.102,0
0.0012403,-0.0001438,0,-1.5604e-08,1,0.9,8,-0.1,0
0.0012451,-0.00014411,1.7168e-25,-1.5651e-08,1,0.902,8,-0.098,0
0.0012499,-0.00014442,3.4336e-25,-1.5699e-08,1,0.904,8,-0.096,0
0.0012547,-0.00014473,5.1504e-25,-1.5746e-08,1,0.906,8,-0.094,0
0.0012596,-0.00014504,6.8672e-25,-1.5794e-08,1,0.908,8,-0.092,0
0.0012644,-0.00014535,8.584e-25,-1.5841e-08,1,0.91,8,-0.09,0
0.0012692,-0.00014566,1.0301e-24,-1.5889e-08,1,0.912,8,-0.088,0
0.001274,-0.00014597,1.2018e-24,-1.5936e-08,1,0.914,8,-0.086,0
0.0012788,-0.00014628,1.3734e-24,-1.5984e-08,1,0.916,8,-0.084,0
0.0012837,-0.00014659,1.5451e-24,-1.6031e-08,1,0.918,8,-0.082,0
0.0012885,-0.0001469,1.7168e-24,-1.6079e-08,1,0.92,8,-0.08,0
0.0012933,-0.00014721,1.8885e-24,-1.6126e-08,1,0.922,8,-0.078,0
0.0012981,-0.00014752,2.0602e-24,-1.6174e-08,1,0.924,8,-0.076,0
0.001303,-0.00014783,2.2318e-24,-1.6221e-08,1,0.926,8,-0.074,0
0.0013078,-0.00014814,2.4035e-24,-1.6269e-08,1,0.928,8,-0.072,0
0.0013126,-0.00014846,2.5752e-24,-1.6316e-08,1,0.93,8,-0.07,0
0.0013174,-0.00014877,2.7469e-24,-1.6364e-08,1,0.932,8,-0.068,0
0.0013223,-0.00014908,2.9185e-24,-1.6411e-08,1,0.934,8,-0.066,0
0.0013271,-0.00014939,3.0902e-24,-1.6459e-08,1,0.936,8,-0.064,0
0.0013319,-0.0001497,3.2619e-24,-1.6506e-08,1,0.938,8,-0.062,0
0.0013367,-0.00015001,3.4336e-24,-1.6554e-08,1,0.94,8,-0.06,0
0.0013415,-0.00015032,3.6053e-24,-1.6601e-08,1,0.942,8,-0.058,0
0.0013464,-0.00015063,3.7769e-24,-1.6649e-08,1,0.944,8,-0.056,0
0.0013512,-0.00015094,3.9486e-24,-1.6696e-08,1,0.946,8,-0.054,0
0.001356,-0.00015125,4.1203e-24,-1.6744e-08,1,0.948,8,-0.052,0
0.0013608,-0.00015156,4.292e-24,-1.6791e-08,1,0.95,8,-0.05,0
0.0013651,-0.00015176,4.1359e-24,-1.6853e-08,1,0.952,8,-0.048,0
0.0013693,-0.00015197,3.9798e-24,-1.6914e-08,1,0.954,8,-0.046,0
0.0013736,-0.00015217,3.8237e-24,-1.6976e-08,1,0.956,8,-0.044,0
0.0013778,-0.00015238,3.6675e-24,-1.7037e-08,1,0.958,8,-0.042,0
0.001382,-0.00015259,3.5114e-24,-1.7099e-08,1,0.96,8,-0.04,0
0.0013863,-0.00015279,3.3553e-24,-1.716e-08,1,0.962,8,-0.038,0
0.0013905,-0.000153,3.1992e-24,-1.7222e-08,1,0.964,8,-0.036,0
0.0013948,-0.0001532,3.0431e-24,-1.7283e-08,1,0.966,8,-0.034,0
0.001399,-0.00015341,2.887e-24,-1.7345e-08,1,0.968,8,-0.032,0
0.0014032,-0.00015361,2.7309e-24,-1.7406e-08,1,0.97,8,-0.03,0
0.0014075,-0.00015382,2.5748e-24,-1.7467e-08,1,0.972,8,-0.028,0
0.0014117,-0.00015402,2.4187e-24,-1.7529e-08,1,0.974,8,-0.026,0
0.001416,-0.00015423,2.2626e-24,-1.759e-08,1,0.976,8,-0.024,0
0.0014202,-0.00015444,2.1065e-24,-1.7652e-08,1,0.978,8,-0.022,0
0.0014245,-0.00015464,1.9504e-24,-1.7713e-08,1,0.98,8,-0.02,0
0.0014287,-0.00015485,1.7942e-24,-1.7775e-08,1,0.982,8,-0.018,0
0.0014329,-0.00015505,1.6381e-24,-1.7836e-08,1,0.984,8,-0.016,0
0.0014372,-0.00015526,1.482e-24,-1.7898e-08,1,0.986,8,-0.014,0
0.0014414,-0.00015546,1.3259e-24,-1.7959e-08,1,0.988,8,-0.012,0
0.0014457,-0.00015567,1.1698e-24,-1.8021e-08,1,0.99,8,-0.01,0
0.0014499,-0.00015588,1.0137e-24,-1.8082e-08,1,0.992,8,-0.008,0
0.0014541,-0.00015608,8.5759e-25,-1.8144e-08,1,0.994,8,-0.006,0
0.0014584,-0.00015629,7.0148e-25,-1.8205e-08,1,0.996,8,-0.004,0
0.0014626,-0.00015649,5.4538e-25,-1.8266e-08,1,0.998,8,-0.002,0
0.0014669,-0.0001567,3.8927e-25,-1.8328e-08,1,1,8,0,0
0.0014704,-0.00015679,3.7166e-25,-1.8403e-08,1,1.002,8,0.002,0
0.0014739,-0.00015688,3.5406e-25,-1.8477e-08,1,1.004,8,0.004,0
0.0014773,-0.00015698,3.3645e-25,-1.8552e-08,1,1.006,8,0.006,0
0.0014808,-0.00015707,3.1885e-25,-1.8627e-08,1,1.008,8,0.008,0
0.0014843,-0.00015716,3.0124e-25,-1.8701e-08,1,1.01,8,0.01,0
0.0014878,-0.00015726,2.8364e-25,-1.8776e-08,1,1.012,8,0.012,0
0.0014913,-0.00015735,2.6604e-25,-1.8851e-08,1,1.014,8,0.014,0
0.0014948,-0.00015744,2.4843e-25,-1.8925e-08,1,1.016,8,0.016,0
0.0014983,-0.00015754,2.3083e-25,-1.9e-08,1,1.018,8,0.018,0
0.0015018,-0.00015763,2.1322e-25,-1.9075e-08,1,1.02,8,0.02,0
0.0015053,-0.00015773,1.9562e-25,-1.9149e-08,1,1.022,8,0.022,0
0.0015088,-0.00015782,1.7801e-25,-1.9224e-08,1,1.024,8,0.024,0
0.0015123,-0.00015791,1.6041e-25,-1.9299e-08,1,1.026,8,0.026,0
0.0015158,-0.00015801,1.428e-25,-1.9373e-08,1,1.028,8,0.028,0
0.0015193,-0.0001581,1.252e-25,-1.9448e-08,1,1.03,8,0.03,0
0.0015228,-0.00015819,1.0759e-25,-1.9523e-08,1,1.032,8,0.032,0
0.0015262,-0.00015829,8.999e-26,-1.9597e-08,1,1.034,8,0.034,0
0.0015297,-0.00015838,7.2385e-26,-1.9672e-08,1,1.036,8,0.036,0
0.0015332,-0.00015847,5.4781e-26,-1.9747e-08,1,1.038,8,0.038,0
0.0015367,-0.00015857,3.7176e-26,-1.9821e-08,1,1.04,8,0.04,0
0.0015402,-0.00015866,1.9572e-26,-1.9896e-08,1,1.042,8,0.042,0
0.0015437,-0.00015875,1.9671e-27,-1.9971e-08,1,1.044,8,0.044,0
0.0015472,-0.00015885,-1.5637e-26,-2.0045e-08,1,1.046,8,0.046,0
0.0015507,-0.00015894,-3.3242e-26,-2.012e-08,1,1.048,8,0.048,0
0.0015542,-0.00015903,-5.0847e-26,-2.0195e-08,1,1.05,8,0.05,0
0.0015568,-0.00015901,-3.7167e-26,-2.0281e-08,1,1.052,8,0.052,0
0.0015594,-0.00015899,-2.3487e-26,-2.0367e-08,1,1.054,8,0.054,0
0.001562,-0.00015897,-9.8073e-27,-2.0453e-08,1,1.056,8,0.056,0
0.0015646,-0.00015895,3.8724e-27,-2.0539e-08,1,1.058,8,0.058,0
0.0015672,-0.00015893,1.7552e-26,-2.0625e-08,1,1.06,8,0.06,0
0.0015698,-0.0001589,3.1232e-26,-2.0711e-08,1,1.062,8,0.062,0
0.0015724,-0.00015888,4.4912e-26,-2.0797e-08,1,1.064,8,0.064,0
0.001575,-0.00015886,5.8591e-26,-2.0883e-08,1,1.066,8,0.066,0
0.0015776,-0.00015884,7.2271e-26,-2.0969e-08,1,1.068,8,0.068,0
0.0015802,-0.00015882,8.5951e-26,-2.1055e-08,1,1.07,8,0.07,0
0.0015828,-0.0001588,9.963e-26,-2.114e-08,1,1.072,8,0.072,0
0.0015854,-0.00015877,1.1331e-25,-2.1226e-08,1,1.074,8,0.074,0
0.001588,-0.00015875,1.2699e-25,-2.1312e-08,1,1.076,8,0.076,0
0.0015906,-0.00015873,1.4067e-25,-2.1398e-08,1,1.078,8,0.078,0
0.0015933,-0.00015871,1.5435e-25,-2.1484e-08,1,1.08,8,0.08,0
0.0015959,-0.00015869,1.6803e-25,-2.157e-08,1,1.082,8,0.082,0
0.0015985,-0.00015867,1.8171e-25,-2.1656e-08,1,1.084,8,0.084,0
0.0016011,-0.00015865,1.9539e-25,-2.1742e-08,1,1.086,8,0.086,0
0.0016037,-0.00015862,2.0907e-25,-2.1828e-08,1,1.088,8,0.088,0
0.0016063,-0.0001586,2.2275e-25,-2.1914e-08,1,1.09,8,0.09,0
0.0016089,-0.00015858,2.3643e-25,-2.2e-08,1,1.092,8,0.092,0
0.0016115,-0.00015856,2.5011e-25,-2.2086e-08,1,1.094,8,0.094,0
0.0016141,-0.00015854,2.6379e-25,-2.2172e-08,1,1.096,8,0.096,0
0.0016167,-0.00015852,2.7747e-25,-2.2258e-08,1,1.098,8,0.098,0
0.0016193,-0.0001585,2.9115e-25,-2.2344e-08,1,1.1,8,0.1,0
0.0016209,-0.00015836,1.0033e-25,-2.2438e-08,1,1.102,8,0.102,0
0.0016225,-0.00015823,-9.0497e-26,-2.2533e-08,1,1.104,8,0.104,0
0.0016241,-0.00015809,-2.8132e-25,-2.2627e-08,1,1.106,8,0.106,0
0.0016258,-0.00015796,-4.7214e-25,-2.2721e-08,1,1.108,8,0.108,0
0.0016274,-0.00015782,-6.6296e-25,-2.2816e-08,1,1.11,8,0.11,0
0.001629,-0.00015769,-8.5378e-25,-2.291e-08,1,1.112,8,0.112,0
0.0016306,-0.00015755,-1.0446e-24,-2.3005e-08,1,1.114,8,0.114,0
0.0016322,-0.00015742,-1.2354e-24,-2.3099e-08,1,1.116,8,0.116,0
0.0016338,-0.00015729,-1.4263e-24,-2.3193e-08,1,1.118,8,0.118,0
0.0016354,-0.00015715,-1.6171e-24,-2.3288e-08,1,1.12,8,0.12,0
0.001637,-0.00015702,-1.8079e-24,-2.3382e-08,1,1.122,8,0.122,0
0.0016387,-0.00015688,-1.9987e-24,-2.3476e-08,1,1.124,8,0.124,0
0.0016403,-0.00015675,-2.1895e-24,-2.3571e-08,1,1.126,8,0.126,0
0.0016419,-0.00015661,-2.3804e-24,-2.3665e-08,1,1.128,8,0.128,0
0.0016435,-0.00015648,-2.5712e-24,-2.3759e-08,1,1.13,8,0.13,0
0.0016451,-0.00015634,-2.762e-24,-2.3854e-08,1,1.132,8,0.132,0
0.0016467,-0.00015621,-2.9528e-24,-2.3948e-08,1,1.134,8,0.134,0
0.0016483,-0.00015608,-3.1436e-24,-2.4043e-08,1,1.136,8,0.136,0
0.00165,-0.00015594,-3.3345e-24,-2.4137e-08,1,1.138,8,0.138,0
0.0016516,-0.00015581,-3.5253e-24,-2.4231e-08,1,1.14,8,0.14,0
0.0016532,-0.00015567,-3.7161e-24,-2.4326e-08,1,1.142,8,0.142,0
0.0016548,-0.00015554,-3.9069e-24,-2.442e-08,1,1.144,8,0.144,0
0.0016564,-0.0001554,-4.0978e-24,-2.4514e-08,1,1.146,8,0.146,0
0.001658,-0.00015527,-4.2886e-24,-2.4609e-08,1,1.148,8,0.148,0
0.0016596,-0.00015513,-4.4794e-24,-2.4703e-08,1,1.15,8,0.15,0
0.0016602,-0.00015489,-4.3002e-24,-2.4802e-08,1,1.152,8,0.152,0
0.0016608,-0.00015465,-4.121e-24,-2.4901e-08,1,1.154,8,0.154,0
0.0016613,-0.00015441,-3.9419e-24,-2.5001e-08,1,1.156,8,0.156,0
0.0016619,-0.00015417,-3.7627e-24,-2.51e-08,1,1.158,8,0.158,0
0.0016624,-0.00015393,-3.5835e-24,-2.5199e-08,1,1.16,8,0.16,0
0.001663,-0.00015369,-3.4043e-24,-2.5298e-08,1,1.162,8,0.162,0
0.0016635,-0.00015345,-3.2252e-24,-2.5397e-08,1,1.164,8,0.164,0
0.0016641,-0.0001532,-3.046e-24,-2.5497e-08,1,1.166,8,0.166,0
0.0016647,-0.00015296,-2.8668e-24,-2.5596e-08,1,1.168,8,0.168,0
0.0016652,-0.00015272,-2.6876e-24,-2.5695e-08,1,1.17,8,0.17,0
0.0016658,-0.00015248,-2.5085e-24,-2.5794e-08,1,1.172,8,0.172,0
0.0016663,-0.00015224,-2.3293e-24,-2.5893e-08,1,1.174,8,0.174,0
0.0016669,-0.000152,-2.1501e-24,-2.5993e-08,1,1.176,8,0.176,0
0.0016674,-0.00015176,-1.9709e-24,-2.6092e-08,1,1.178,8,0.178,0
0.001668,-0.00015151,-1.7918e-24,-2.6191e-08,1,1.18,8,0.18,0
0.0016686,-0.00015127,-1.6126e-24,-2.629e-08,1,1.182,8,0.182,0
0.0016691,-0.00015103,-1.4334e-24,-2.639e-08,1,1.184,8,0.184,0
0.0016697,-0.00015079,-1.2542e-24,-2.6489e-08,1,1.186,8,0.186,0
0.0016702,-0.00015055,-1.0751e-24,-2.6588e-08,1,1.188,8,0.188,0
0.0016708,-0.00015031,-8.9588e-25,-2.6687e-08,1,1.19,8,0.19,0
0.0016714,-0.00015007,-7.167e-25,-2.6786e-08,1,1.192,8,0.192,0
0.0016719,-0.00014982,-5.3753e-25,-2.6886e-08,1,1.194,8,0.194,0
0.0016725,-0.00014958,-3.5835e-25,-2.6985e-08,1,1.196,8,0.196,0
0.001673,-0.00014934,-1.7918e-25,-2.7084e-08,1,1.198,8,0.198,0
0.0016736,-0.0001491,0,-2.7183e-08,1,1.2,8,0.2,0
0.0016731,-0.00014876,2.0674e-25,-2.7283e-08,1,1.202,8,0.202,0
0.0016725,-0.00014842,4.1349e-25,-2.7384e-08,1,1.204,8,0.204,0
0.001672,-0.00014809,6.2023e-25,-2.7484e-08,1,1.206,8,0.206,0
0.0016715,-0.00014775,8.2697e-25,-2.7584e-08,1,1.208,8,0.208,0
0.001671,-0.00014741,1.0337e-24,-2.7684e-08,1,1.21,8,0.21,0
0.0016705,-0.00014707,1.2405e-24,-2.7785e-08,1,1.212,8,0.212,0
0.0016699,-0.00014673,1.4472e-24,-2.7885e-08,1,1.214,8,0.214,0
0.0016694,-0.00014639,1.6539e-24,-2.7985e-08,1,1.216,8,0.216,0
0.0016689,-0.00014606,1.8607e-24,-2.8085e-08,1,1.218,8,0.218,0
0.0016684,-0.00014572,2.0674e-24,-2.8186e-08,1,1.22,8,0.22,0
0.0016678,-0.00014538,2.2742e-24,-2.8286e-08,1,1.222,8,0.222,0
0.0016673,-0.00014504,2.4809e-24,-2.8386e-08,1,1.224,8,0.224,0
0.0016668,-0.0001447,2.6877e-24,-2.8486e-08,1,1.226,8,0.226,0
0.0016663,-0.00014436,2.8944e-24,-2.8586e-08,1,1.228,8,0.228,0
0.0016658,-0.00014402,3.1011e-24,-2.8687e-08,1,1.23,8,0.23,0
0.0016652,-0.00014369,3.3079e-24,-2.8787e-08,1,1.232,8,0.232,0
0.0016647,-0.00014335,3.5146e-24,-2.8887e-08,1,1.234,8,0.234,0
0.0016642,-0.00014301,3.7214e-24,-2.8987e-08,1,1.236,8,0.236,0
0.0016637,-0.00014267,3.9281e-24,-2.9088e-08,1,1.238,8,0.238,0
0.0016632,-0.00014233,4.1349e-24,-2.9188e-08,1,1.24,8,0.24,0
0.0016626,-0.00014199,4.3416e-24,-2.9288e-08,1,1.242,8,0.242,0
0.0016621,-0.00014166,4.5483e-24,-2.9388e-08,1,1.244,8,0.244,0
0.0016616,-0.00014132,4.7551e-24,-2.9489e-08,1,1.246,8,0.246,0
0.0016611,-0.00014098,4.9618e-24,-2.9589e-08,1,1.248,8,0.248,0
0.0016605,-0.00014064,5.1686e-24,-2.9689e-08,1,1.25,8,0.25,0
0.001659,-0.00014022,4.9655e-24,-2.9787e-08,1,1.252,8,0.252,0
0.0016574,-0.0001398,4.7624e-24,-2.9884e-08,1,1.254,8,0.254,0
0.0016558,-0.00013937,4.5594e-24,-2.9982e-08,1,1.256,8,0.256,0
0.0016542,-0.00013895,4.3563e-24,-3.008e-08,1,1.258,8,0.258,0
0.0016526,-0.00013853,4.1532e-24,-3.0177e-08,1,1.26,8,0.26,0
0.001651,-0.00013811,3.9502e-24,-3.0275e-08,1,1.262,8,0.262,0
0.0016495,-0.00013769,3.7471e-24,-3.0373e-08,1,1.264,8,0.264,0
0.0016479,-0.00013726,3.544e-24,-3.047e-08,1,1.266,8,0.266,0
0.0016463,-0.00013684,3.3409e-24,-3.0568e-08,1,1.268,8,0.268,0
0.0016447,-0.00013642,3.1379e-24,-3.0665e-08,1,1.27,8,0.27,0
0.0016431,-0.000136,2.9348e-24,-3.0763e-08,1,1.272,8,0.272,0
0.0016415,-0.00013557,2.7317e-24,-3.0861e-08,1,1.274,8,0.274,0
0.0016399,-0.00013515,2.5287e-24,-3.0958e-08,1,1.276,8,0.276,0
0.0016384,-0.00013473,2.3256e-24,-3.1056e-08,1,1.278,8,0.278,0
0.0016368,-0.00013431,2.1225e-24,-3.1154e-08,1,1.28,8,0.28,0
0.0016352,-0.00013388,1.9194e-24,-3.1251e-08,1,1.282,8,0.282,0
0.0016336,-0.00013346,1.7164e-24,-3.1349e-08,1,1.284,8,0.284,0
0.001632,-0.00013304,1.5133e-24,-3.1446e-08,1,1.286,8,0.286,0
0.0016304,-0.00013262,1.3102e-24,-3.1544e-08,1,1.288,8,0.288,0
0.0016288,-0.0001322,1.1072e-24,-3.1642e-08,1,1.29,8,0.29,0
0.0016273,-0.00013177,9.0409e-25,-3.1739e-08,1,1.292,8,0.292,0
0.0016257,-0.00013135,7.0102e-25,-3.1837e-08,1,1.294,8,0.294,0
0.0016241,-0.00013093,4.9795e-25,-3.1935e-08,1,1.296,8,0.296,0
0.0016225,-0.00013051,2.9488e-25,-3.2032e-08,1,1.298,8,0.298,0
0.0016209,-0.00013008,9.1807e-26,-3.213e-08,1,1.3,8,0.3,0
0.0016183,-0.00012959,1.0988e-25,-3.2222e-08,1,1.302,8,0.302,0
0.0016157,-0.0001291,1.2795e-25,-3.2314e-08,1,1.304,8,0.304,0
0.0016131,-0.00012861,1.4602e-25,-3.2405e-08,1,1.306,8,0.306,0
0.0016105,-0.00012812,1.6409e-25,-3.2497e-08,1,1.308,8,0.308,0
0.001608,-0.00012763,1.8216e-25,-3.2589e-08,1,1.31,8,0.31,0
0.0016054,-0.00012714,2.0023e-25,-3.2681e-08,1,1.312,8,0.312,0
0.0016028,-0.00012665,2.183e-25,-3.2773e-08,1,1.314,8,0.314,0
0.0016002,-0.00012616,2.3637e-25,-3.2865e-08,1,1.316,8,0.316,0
0.0015976,-0.00012567,2.5444e-25,-3.2957e-08,1,1.318,8,0.318,0
0.001595,-0.00012518,2.7251e-25,-3.3049e-08,1,1.32,8,0.32,0
0.0015924,-0.00012469,2.9059e-25,-3.3141e-08,1,1.322,8,0.322,0
0.0015898,-0.0001242,3.0866e-25,-3.3232e-08,1,1.324,8,0.324,0
0.0015872,-0.00012371,3.2673e-25,-3.3324e-08,1,1.326,8,0.326,0
0.0015846,-0.00012322,3.448e-25,-3.3416e-08,1,1.328,8,0.328,0
0.001582,-0.00012273,3.6287e-25,-3.3508e-08,1,1.33,8,0.33,0
0.0015794,-0.00012224,3.8094e-25,-3.36e-08,1,1.332,8,0.332,0
0.0015768,-0.00012175,3.9901e-25,-3.3692e-08,1,1.334,8,0.334,0
0.0015742,-0.00012126,4.1708e-25,-3.3784e-08,1,1.336,8,0.336,0
0.0015716,-0.00012077,4.3515e-25,-3.3876e-08,1,1.338,8,0.338,0
0.001569,-0.00012028,4.5322e-25,-3.3968e-08,1,1.34,8,0.34,0
0.0015664,-0.00011979,4.7129e-25,-3.406e-08,1,1.342,8,0.342,0
0.0015639,-0.0001193,4.8936e-25,-3.4151e-08,1,1.344,8,0.344,0
0.0015613,-0.00011882,5.0743e-25,-3.4243e-08,1,1.346,8,0.346,0
0.0015587,-0.00011833,5.255e-25,-3.4335e-08,1,1.348,8,0.348,0
0.0015561,-0.00011784,5.4358e-25,-3.4427e-08,1,1.35,8,0.35,0
0.0015526,-0.0001173,3.8838e-25,-3.4511e-08,1,1.352,8,0.352,0
0.001549,-0.00011676,2.3318e-25,-3.4595e-08,1,1.354,8,0.354,0
0.0015455,-0.00011622,7.7976e-26,-3.4678e-08,1,1.356,8,0.356,0
0.001542,-0.00011568,-7.7224e-26,-3.4762e-08,1,1.358,8,0.358,0
0.0015385,-0.00011514,-2.3242e-25,-3.4846e-08,1,1.36,8,0.36,0
0.001535,-0.0001146,-3.8762e-25,-3.493e-08,1,1.362,8,0.362,0
0.0015315,-0.00011406,-5.4282e-25,-3.5014e-08,1,1.364,8,0.364,0
0.001528,-0.00011352,-6.9802e-25,-3.5098e-08,1,1.366,8,0.366,0
0.0015244,-0.00011298,-8.5322e-25,-3.5181e-08,1,1.368,8,0.368,0
0.0015209,-0.00011245,-1.0084e-24,-3.5265e-08,1,1.37,8,0.37,0
0.0015174,-0.00011191,-1.1636e-24,-3.5349e-08,1,1.372,8,0.372,0
0.0015139,-0.00011137,-1.3188e-24,-3.5433e-08,1,1.374,8,0.374,0
0.0015104,-0.00011083,-1.474e-24,-3.5517e-08,1,1.376,8,0.376,0
0.0015069,-0.00011029,-1.6292e-24,-3.56e-08,1,1.378,8,0.378,0
0.0015034,-0.00010975,-1.7844e-24,-3.5684e-08,1,1.38,8,0.38,0
0.0014999,-0.00010921,-1.9396e-24,-3.5768e-08,1,1.382,8,0.382,0
0.0014963,-0.00010867,-2.0948e-24,-3.5852e-08,1,1.384,8,0.384,0
0.0014928,-0.00010813,-2.25e-24,-3.5936e-08,1,1.386,8,0.386,0
0.0014893,-0.00010759,-2.4052e-24,-3.6019e-08,1,1.388,8,0.388,0
0.0014858,-0.00010706,-2.5604e-24,-3.6103e-08,1,1.39,8,0.39,0
0.0014823,-0.00010652,-2.7156e-24,-3.6187e-08,1,1.392,8,0.392,0
0.0014788,-0.00010598,-2.8708e-24,-3.6271e-08,1,1.394,8,0.394,0
0.0014753,-0.00010544,-3.026e-24,-3.6355e-08,1,1.396,8,0.396,0
0.0014717,-0.0001049,-3.1812e-24,-3.6439e-08,1,1.398,8,0.398,0
0.0014682,-0.00010436,-3.3364e-24,-3.6522e-08,1,1.4,8,0.4,0
0.0014639,-0.00010379,-3.3152e-24,-3.6597e-08,1,1.402,8,0.402,0
0.0014596,-0.00010323,-3.2941e-24,-3.6671e-08,1,1.404,8,0.404,0
0.0014553,-0.00010266,-3.2729e-24,-3.6745e-08,1,1.406,8,0.406,0
0.001451,-0.00010209,-3.2517e-24,-3.682e-08,1,1.408,8,0.408,0
0.0014467,-0.00010152,-3.2306e-24,-3.6894e-08,1,1.41,8,0.41,0
0.0014424,-0.00010096,-3.2094e-24,-3.6968e-08,1,1.412,8,0.412,0
0.0014381,-0.00010039,-3.1882e-24,-3.7043e-08,1,1.414,8,0.414,0
0.0014338,-9.982e-05,-3.167e-24,-3.7117e-08,1,1.416,8,0.416,0
0.0014295,-9.9253e-05,-3.1459e-24,-3.7191e-08,1,1.418,8,0.418,0
0.0014251,-9.8686e-05,-3.1247e-24,-3.7265e-08,1,1.42,8,0.42,0
0.0014208,-9.8118e-05,-3.1035e-24,-3.734e-08,1,1.422,8,0.422,0
0.0014165,-9.7551e-05,-3.0823e-24,-3.7414e-08,1,1.424,8,0.424,0
0.0014122,-9.6983e-05,-3.0612e-24,-3.7488e-08,1,1.426,8,0.426,0
0.0014079,-9.6416e-05,-3.04e-24,-3.7563e-08,1,1.428,8,0.428,0
0.0014036,-9.5848e-05,-3.0188e-24,-3.7637e-08,1,1.43,8,0.43,0
0.0013993,-9.5281e-05,-2.9977e-24,-3.7711e-08,1,1.432,8,0.432,0
0.001395,-9.4713e-05,-2.9765e-24,-3.7786e-08,1,1.434,8,0.434,0
0.0013907,-9.4146e-05,-2.9553e-24,-3.786e-08,1,1.436,8,0.436,0
0.0013864,-9.3578e-05,-2.9341e-24,-3.7934e-08,1,1.438,8,0.438,0
0.001382,-9.3011e-05,-2.913e-24,-3.8009e-08,1,1.44,8,0.44,0
0.0013777,-9.2443e-05,-2.8918e-24,-3.8083e-08,1,1.442,8,0.442,0
0.0013734,-9.1876e-05,-2.8706e-24,-3.8157e-08,1,1.444,8,0.444,0
0.0013691,-9.1308e-05,-2.8494e-24,-3.8232e-08,1,1.446,8,0.446,0
0.0013648,-9.0741e-05,-2.8283e-24,-3.8306e-08,1,1.448,8,0.448,0
0.0013605,-9.0174e-05,-2.8071e-24,-3.838e-08,1,1.45,8,0.45,0
0.0013555,-8.9599e-05,-2.5565e-24,-3.8445e-08,1,1.452,8,0.452,0
0.0013506,-8.9025e-05,-2.3059e-24,-3.8509e-08,1,1.454,8,0.454,0
0.0013456,-8.845e-05,-2.0552e-24,-3.8573e-08,1,1.456,8,0.456,0
0.0013407,-8.7876e-05,-1.8046e-24,-3.8638e-08,1,1.458,8,0.458,0
0.0013357,-8.7301e-05,-1.554e-24,-3.8702e-08,1,1.46,8,0.46,0
0.0013308,-8.6727e-05,-1.3034e-24,-3.8766e-08,1,1.462,8,0.462,0
0.0013258,-8.6152e-05,-1.0528e-24,-3.8831e-08,1,1.464,8,0.464,0
0.0013209,-8.5578e-05,-8.0214e-25,-3.8895e-08,1,1.466,8,0.466,0
0.0013159,-8.5003e-05,-5.5152e-25,-3.8959e-08,1,1.468,8,0.468,0
0.001311,-8.4429e-05,-3.009e-25,-3.9024e-08,1,1.47,8,0.47,0
0.001306,-8.3854e-05,-5.028e-26,-3.9088e-08,1,1.472,8,0.472,0
0.001301,-8.328e-05,2.0034e-25,-3.9152e-08,1,1.474,8,0.474,0
0.0012961,-8.2705e-05,4.5096e-25,-3.9217e-08,1,1.476,8,0.476,0
0.0012911,-8.2131e-05,7.0158e-25,-3.9281e-08,1,1.478,8,0.478,0
0.0012862,-8.1556e-05,9.522e-25,-3.9345e-08,1,1.48,8,0.48,0
0.0012812,-8.0982e-05,1.2028e-24,-3.941e-08,1,1.482,8,0.482,0
0.0012763,-8.0408e-05,1.4534e-24,-3.9474e-08,1,1.484,8,0.484,0
0.0012713,-7.9833e-05,1.7041e-24,-3.9538e-08,1,1.486,8,0.486,0
0.0012664,-7.9259e-05,1.9547e-24,-3.9603e-08,1,1.488,8,0.488,0
0.0012614,-7.8684e-05,2.2053e-24,-3.9667e-08,1,1.49,8,0.49,0
0.0012565,-7.811e-05,2.4559e-24,-3.9731e-08,1,1.492,8,0.492,0
0.0012515,-7.7535e-05,2.7065e-24,-3.9796e-08,1,1.494,8,0.494,0
0.0012465,-7.6961e-05,2.9572e-24,-3.986e-08,1,1.496,8,0.496,0
0.0012416,-7.6386e-05,3.2078e-24,-3.9924e-08,1,1.498,8,0.498,0
0.0012366,-7.5812e-05,3.4584e-24,-3.9989e-08,1,1.5,8,0.5,0
0.0012312,-7.5251e-05,3.1625e-24,-4.0043e-08,1,1.502,8,0.502,0
0.0012258,-7.4691e-05,2.8667e-24,-4.0098e-08,1,1.504,8,0.504,0
0.0012203,-7.4131e-05,2.5708e-24,-4.0153e-08,1,1.506,8,0.506,0
0.0012149,-7.357e-05,2.275e-24,-4.0208e-08,1,1.508,8,0.508,0
0.0012095,-7.301e-05,1.9791e-24,-4.0262e-08,1,1.51,8,0.51,0
0.0012041,-7.245e-05,1.6833e-24,-4.0317e-08,1,1.512,8,0.512,0
0.0011986,-7.1889e-05,1.3874e-24,-4.0372e-08,1,1.514,8,0.514,0
0.0011932,-7.1329e-05,1.0916e-24,-4.0426e-08,1,1.516,8,0.516,0
0.0011878,-7.0768e-05,7.957e-25,-4.0481e-08,1,1.518,8,0.518,0
0.0011823,-7.0208e-05,4.9985e-25,-4.0536e-08,1,1.52,8,0.52,0
0.0011769,-6.9648e-05,2.0399e-25,-4.0591e-08,1,1.522,8,0.522,0
0.0011715,-6.9087e-05,-9.1866e-26,-4.0645e-08,1,1.524,8,0.524,0
0.0011661,-6.8527e-05,-3.8773e-25,-4.07e-08,1,1.526,8,0.526,0
0.0011606,-6.7967e-05,-6.8358e-25,-4.0755e-08,1,1.528,8,0.528,0
0.0011552,-6.7406e-05,-9.7943e-25,-4.0809e-08,1,1.53,8,0.53,0
0.0011498,-6.6846e-05,-1.2753e-24,-4.0864e-08,1,1.532,8,0.532,0
0.0011443,-6.6285e-05,-1.5711e-24,-4.0919e-08,1,1.534,8,0.534,0
0.0011389,-6.5725e-05,-1.867e-24,-4.0974e-08,1,1.536,8,0.536,0
0.0011335,-6.5165e-05,-2.1629e-24,-4.1028e-08,1,1.538,8,0.538,0
0.0011281,-6.4604e-05,-2.4587e-24,-4.1083e-08,1,1.54,8,0.54,0
0.0011226,-6.4044e-05,-2.7546e-24,-4.1138e-08,1,1.542,8,0.542,0
0.0011172,-6.3484e-05,-3.0504e-24,-4.1192e-08,1,1.544,8,0.544,0
0.0011118,-6.2923e-05,-3.3463e-24,-4.1247e-08,1,1.546,8,0.546,0
0.0011063,-6.2363e-05,-3.6421e-24,-4.1302e-08,1,1.548,8,0.548,0
0.0011009,-6.1802e-05,-3.938e-24,-4.1357e-08,1,1.55,8,0.55,0
0.0010952,-6.1275e-05,-3.7805e-24,-4.1403e-08,1,1.552,8,0.552,0
0.0010895,-6.0749e-05,-3.623e-24,-4.1449e-08,1,1.554,8,0.554,0
0.0010838,-6.0222e-05,-3.4654e-24,-4.1495e-08,1,1.556,8,0.556,0
0.001078,-5.9695e-05,-3.3079e-24,-4.1541e-08,1,1.558,8,0.558,0
0.0010723,-5.9168e-05,-3.1504e-24,-4.1587e-08,1,1.56,8,0.56,0
0.0010666,-5.8641e-05,-2.9929e-24,-4.1633e-08,1,1.562,8,0.562,0
0.0010609,-5.8114e-05,-2.8354e-24,-4.1679e-08,1,1.564,8,0.564,0
0.0010551,-5.7587e-05,-2.6778e-24,-4.1725e-08,1,1.566,8,0.566,0
0.0010494,-5.706e-05,-2.5203e-24,-4.1771e-08,1,1.568,8,0.568,0
0.0010437,-5.6533e-05,-2.3628e-24,-4.1817e-08,1,1.57,8,0.57,0
0.001038,-5.6006e-05,-2.2053e-24,-4.1863e-08,1,1.572,8,0.572,0
0.0010323,-5.5479e-05,-2.0478e-24,-4.1909e-08,1,1.574,8,0.574,0
0.0010265,-5.4952e-05,-1.8902e-24,-4.1955e-08,1,1.576,8,0.576,0
0.0010208,-5.4425e-05,-1.7327e-24,-4.2001e-08,1,1.578,8,0.578,0
0.0010151,-5.3898e-05,-1.5752e-24,-4.2047e-08,1,1.58,8,0.58,0
0.0010094,-5.3372e-05,-1.4177e-24,-4.2093e-08,1,1.582,8,0.582,0
0.0010037,-5.2845e-05,-1.2602e-24,-4.214e-08,1,1.584,8,0.584,0
0.00099794,-5.2318e-05,-1.1026e-24,-4.2186e-08,1,1.586,8,0.586,0
0.00099222,-5.1791e-05,-9.4512e-25,-4.2232e-08,1,1.588,8,0.588,0
0.0009865,-5.1264e-05,-7.876e-25,-4.2278e-08,1,1.59,8,0.59,0
0.00098078,-5.0737e-05,-6.3008e-25,-4.2324e-08,1,1.592,8,0.592,0
0.00097505,-5.021e-05,-4.7256e-25,-4.237e-08,1,1.594,8,0.594,0
0.00096933,-4.9683e-05,-3.1504e-25,-4.2416e-08,1,1.596,8,0.596,0
0.00096361,-4.9156e-05,-1.5752e-25,-4.2462e-08,1,1.598,8,0.598,0
0.00095789,-4.8629e-05,0,-4.2508e-08,1,1.6,8,0.6,0
0.00095206,-4.8152e-05,0,-4.2547e-08,1,1.602,8,0.602,0
0.00094623,-4.7675e-05,0,-4.2585e-08,1,1.604,8,0.604,0
0.0009404,-4.7198e-05,0,-4.2624e-08,1,1.606,8,0.606,0
0.00093457,-4.672e-05,0,-4.2663e-08,1,1.608,8,0.608,0
0.00092874,-4.6243e-05,0,-4.2702e-08,1,1.61,8,0.61,0
0.00092291,-4.5766e-05,0,-4.274e-08,1,1.612,8,0.612,0
0.00091707,-4.5289e-05,0,-4.2779e-08,1,1.614,8,0.614,0
0.00091124,-4.4812e-05,0,-4.2818e-08,1,1.616,8,0.616,0
0.00090541,-4.4334e-05,0,-4.2856e-08,1,1.618,8,0.618,0
0.00089958,-4.3857e-05,0,-4.2895e-08,1,1.62,8,0.62,0
0.00089375,-4.338e-05,0,-4.2934e-08,1,1.622,8,0.622,0
0.00088792,-4.2903e-05,0,-4.2973e-08,1,1.624,8,0.624,0
0.00088209,-4.2426e-05,0,-4.3011e-08,1,1.626,8,0.626,0
0.00087626,-4.1948e-05,0,-4.305e-08,1,1.628,8,0.628,0
0.00087043,-4.1471e-05,0,-4.3089e-08,1,1.63,8,0.63,0
0.00086459,-4.0994e-05,0,-4.3128e-08,1,1.632,8,0.632,0
0.00085876,-4.0517e-05,0,-4.3166e-08,1,1.634,8,0.634,0
0.00085293,-4.0039e-05,0,-4.3205e-08,1,1.636,8,0.636,0
0.0008471,-3.9562e-05,0,-4.3244e-08,1,1.638,8,0.638,0
0.00084127,-3.9085e-05,0,-4.3282e-08,1,1.64,8,0.64,0
0.00083544,-3.8608e-05,0,-4.3321e-08,1,1.642,8,0.642,0
0.00082961,-3.8131e-05,0,-4.336e-08,1,1.644,8,0.644,0
0.00082378,-3.7653e-05,0,-4.3399e-08,1,1.646,8,0.646,0
0.00081794,-3.7176e-05,0,-4.3437e-08,1,1.648,8,0.648,0
0.00081211,-3.6699e-05,0,-4.3476e-08,1,1.65,8,0.65,0
0.00080634,-3.6284e-05,1.205e-25,-4.3509e-08,1,1.652,8,0.652,0
0.00080057,-3.5869e-05,2.4099e-25,-4.3542e-08,1,1.654,8,0.654,0
0.0007948,-3.5453e-05,3.6149e-25,-4.3574e-08,1,1.656,8,0.656,0
0.00078903,-3.5038e-05,4.8198e-25,-4.3607e-08,1,1.658,8,0.658,0
0.00078326,-3.4623e-05,6.0248e-25,-4.364e-08,1,1.66,8,0.66,0
0.00077749,-3.4207e-05,7.2297e-25,-4.3673e-08,1,1.662,8,0.662,0
0.00077172,-3.3792e-05,8.4347e-25,-4.3706e-08,1,1.664,8,0.664,0
0.00076595,-3.3377e-05,9.6396e-25,-4.3739e-08,1,1.666,8,0.666,0
0.00076018,-3.2962e-05,1.0845e-24,-4.3771e-08,1,1.668,8,0.668,0
0.00075441,-3.2546e-05,1.205e-24,-4.3804e-08,1,1.67,8,0.67,0
0.00074864,-3.2131e-05,1.3254e-24,-4.3837e-08,1,1.672,8,0.672,0
0.00074287,-3.1716e-05,1.4459e-24,-4.387e-08,1,1.674,8,0.674,0
0.0007371,-3.1301e-05,1.5664e-24,-4.3903e-08,1,1.676,8,0.676,0
0.00073133,-3.0885e-05,1.6869e-24,-4.3935e-08,1,1.678,8,0.678,0
0.00072556,-3.047e-05,1.8074e-24,-4.3968e-08,1,1.68,8,0.68,0
0.00071979,-3.0055e-05,1.9279e-24,-4.4001e-08,1,1.682,8,0.682,0
0.00071402,-2.964e-05,2.0484e-24,-4.4034e-08,1,1.684,8,0.684,0
0.00070825,-2.9224e-05,2.1689e-24,-4.4067e-08,1,1.686,8,0.686,0
0.00070248,-2.8809e-05,2.2894e-24,-4.4099e-08,1,1.688,8,0.688,0
0.00069671,-2.8394e-05,2.4099e-24,-4.4132e-08,1,1.69,8,0.69,0
0.00069094,-2.7979e-05,2.5304e-24,-4.4165e-08,1,1.692,8,0.692,0
0.00068517,-2.7563e-05,2.6509e-24,-4.4198e-08,1,1.694,8,0.694,0
0.0006794,-2.7148e-05,2.7714e-24,-4.4231e-08,1,1.696,8,0.696,0
0.00067363,-2.6733e-05,2.8919e-24,-4.4264e-08,1,1.698,8,0.698,0
0.00066786,-2.6317e-05,3.0124e-24,-4.4296e-08,1,1.7,8,0.7,0
0.0006623,-2.5972e-05,2.7503e-24,-4.4325e-08,1,1.702,8,0.702,0
0.00065674,-2.5626e-05,2.4881e-24,-4.4353e-08,1,1.704,8,0.704,0
0.00065119,-2.528e-05,2.226e-24,-4.4381e-08,1,1.706,8,0.706,0
0.00064563,-2.4935e-05,1.9639e-24,-4.4409e-08,1,1.708,8,0.708,0
0.00064007,-2.4589e-05,1.7018e-24,-4.4437e-08,1,1.71,8,0.71,0
0.00063451,-2.4243e-05,1.4397e-24,-4.4466e-08,1,1.712,8,0.712,0
0.00062896,-2.3898e-05,1.1775e-24,-4.4494e-08,1,1.714,8,0.714,0
0.0006234,-2.3552e-05,9.1542e-25,-4.4522e-08,1,1.716,8,0.716,0
0.00061784,-2.3206e-05,6.5331e-25,-4.455e-08,1,1.718,8,0.718,0
0.00061228,-2.286e-05,3.9118e-25,-4.4579e-08,1,1.72,8,0.72,0
0.00060673,-2.2515e-05,1.2907e-25,-4.4607e-08,1,1.722,8,0.722,0
0.00060117,-2.2169e-05,-1.3305e-25,-4.4635e-08,1,1.724,8,0.724,0
0.00059561,-2.1823e-05,-3.9517e-25,-4.4663e-08,1,1.726,8,0.726,0
0.00059005,-2.1478e-05,-6.5729e-25,-4.4691e-08,1,1.728,8,0.728,0
0.00058449,-2.1132e-05,-9.1942e-25,-4.472e-08,1,1.73,8,0.73,0
0.00057894,-2.0786e-05,-1.1815e-24,-4.4748e-08,1,1.732,8,0.732,0
0.00057338,-2.0441e-05,-1.4437e-24,-4.4776e-08,1,1.734,8,0.734,0
0.00056782,-2.0095e-05,-1.7058e-24,-4.4804e-08,1,1.736,8,0.736,0
0.00056226,-1.9749e-05,-1.9679e-24,-4.4833e-08,1,1.738,8,0.738,0
0.00055671,-1.9403e-05,-2.23e-24,-4.4861e-08,1,1.74,8,0.74,0
0.00055115,-1.9058e-05,-2.4921e-24,-4.4889e-08,1,1.742,8,0.742,0
0.00054559,-1.8712e-05,-2.7543e-24,-4.4917e-08,1,1.744,8,0.744,0
0.00054003,-1.8366e-05,-3.0164e-24,-4.4945e-08,1,1.746,8,0.746,0
0.00053448,-1.8021e-05,-3.2785e-24,-4.4974e-08,1,1.748,8,0.748,0
0.00052892,-1.7675e-05,-3.5406e-24,-4.5002e-08,1,1.75,8,0.75,0
0.0005237,-1.7402e-05,-3.5217e-24,-4.5027e-08,1,1.752,8,0.752,0
0.00051848,-1.7129e-05,-3.5028e-24,-4.5051e-08,1,1.754,8,0.754,0
0.00051326,-1.6856e-05,-3.4839e-24,-4.5076e-08,1,1.756,8,0.756,0
0.00050804,-1.6582e-05,-3.465e-24,-4.5101e-08,1,1.758,8,0.758,0
0.00050282,-1.6309e-05,-3.4462e-24,-4.5125e-08,1,1.76,8,0.76,0
0.0004976,-1.6036e-05,-3.4273e-24,-4.515e-08,1,1.762,8,0.762,0
0.00049238,-1.5763e-05,-3.4084e-24,-4.5175e-08,1,1.764,8,0.764,0
0.00048716,-1.549e-05,-3.3895e-24,-4.5199e-08,1,1.766,8,0.766,0
0.00048194,-1.5217e-05,-3.3706e-24,-4.5224e-08,1,1.768,8,0.768,0
0.00047673,-1.4944e-05,-3.3517e-24,-4.5248e-08,1,1.77,8,0.77,0
0.00047151,-1.4671e-05,-3.3328e-24,-4.5273e-08,1,1.772,8,0.772,0
0.00046629,-1.4397e-05,-3.3139e-24,-4.5298e-08,1,1.774,8,0.774,0
0.00046107,-1.4124e-05,-3.295e-24,-4.5322e-08,1,1.776,8,0.776,0
0.00045585,-1.3851e-05,-3.2761e-24,-4.5347e-08,1,1.778,8,0.778,0
0.00045063,-1.3578e-05,-3.2573e-24,-4.5372e-08,1,1.78,8,0.78,0
0.00044541,-1.3305e-05,-3.2384e-24,-4.5396e-08,1,1.782,8,0.782,0
0.00044019,-1.3032e-05,-3.2195e-24,-4.5421e-08,1,1.784,8,0.784,0
0.00043497,-1.2759e-05,-3.2006e-24,-4.5446e-08,1,1.786,8,0.786,0
0.00042975,-1.2486e-05,-3.1817e-24,-4.547e-08,1,1.788,8,0.788,0
0.00042453,-1.2212e-05,-3.1628e-24,-4.5495e-08,1,1.79,8,0.79,0
0.00041931,-1.1939e-05,-3.1439e-24,-4.552e-08,1,1.792,8,0.792,0
0.00041409,-1.1666e-05,-3.125e-24,-4.5544e-08,1,1.794,8,0.794,0
0.00040887,-1.1393e-05,-3.1061e-24,-4.5569e-08,1,1.796,8,0.796,0
0.00040366,-1.112e-05,-3.0872e-24,-4.5594e-08,1,1.798,8,0.798,0
0.00039844,-1.0847e-05,-3.0684e-24,-4.5618e-08,1,1.8,8,0.8,0
0.00039365,-1.0645e-05,-2.7997e-24,-4.564e-08,1,1.802,8,0.802,0
0.00038887,-1.0443e-05,-2.531e-24,-4.5662e-08,1,1.804,8,0.804,0
0.00038409,-1.0241e-05,-2.2623e-24,-4.5684e-08,1,1.806,8,0.806,0
0.0003793,-1.004e-05,-1.9936e-24,-4.5705e-08,1,1.808,8,0.808,0
0.00037452,-9.8379e-06,-1.7249e-24,-4.5727e-08,1,1.81,8,0.81,0
0.00036974,-9.6361e-06,-1.4562e-24,-4.5749e-08,1,1.812,8,0.812,0
0.00036495,-9.4344e-06,-1.1875e-24,-4.5771e-08,1,1.814,8,0.814,0
0.00036017,-9.2326e-06,-9.1882e-25,-4.5793e-08,1,1.816,8,0.816,0
0.00035539,-9.0308e-06,-6.5012e-25,-4.5814e-08,1,1.818,8,0.818,0
0.00035061,-8.8291e-06,-3.8143e-25,-4.5836e-08,1,1.82,8,0.82,0
0.00034582,-8.6273e-06,-1.1273e-25,-4.5858e-08,1,1.822,8,0.822,0
0.00034104,-8.4255e-06,1.5596e-25,-4.588e-08,1,1.824,8,0.824,0
0.00033626,-8.2238e-06,4.2464e-25,-4.5901e-08,1,1.826,8,0.826,0
0.00033147,-8.022e-06,6.9334e-25,-4.5923e-08,1,1.828,8,0.828,0
0.00032669,-7.8203e-06,9.6203e-25,-4.5945e-08,1,1.83,8,0.83,0
0.00032191,-7.6185e-06,1.2307e-24,-4.5967e-08,1,1.832,8,0.832,0
0.00031712,-7.4167e-06,1.4994e-24,-4.5989e-08,1,1.834,8,0.834,0
0.00031234,-7.215e-06,1.7681e-24,-4.601e-08,1,1.836,8,0.836,0
0.00030756,-7.0132e-06,2.0368e-24,-4.6032e-08,1,1.838,8,0.838,0
0.00030277,-6.8114e-06,2.3055e-24,-4.6054e-08,1,1.84,8,0.84,0
0.00029799,-6.6097e-06,2.5742e-24,-4.6076e-08,1,1.842,8,0.842,0
0.00029321,-6.4079e-06,2.8429e-24,-4.6097e-08,1,1.844,8,0.844,0
0.00028843,-6.2061e-06,3.1116e-24,-4.6119e-08,1,1.846,8,0.846,0
0.00028364,-6.0044e-06,3.3803e-24,-4.6141e-08,1,1.848,8,0.848,0
0.00027886,-5.8026e-06,3.649e-24,-4.6163e-08,1,1.85,8,0.85,0
0.00027458,-5.6681e-06,1.3002e-21,-4.6182e-08,1,1.852,8,0.852,0
0.00027031,-5.5335e-06,2.5968e-21,-4.6202e-08,1,1.854,8,0.854,0
0.00026603,-5.399e-06,3.8934e-21,-4.6221e-08,1,1.856,8,0.856,0
0.00026175,-5.2645e-06,5.19e-21,-4.6241e-08,1,1.858,8,0.858,0
0.00025747,-5.1299e-06,6.4866e-21,-4.6261e-08,1,1.86,8,0.86,0
0.0002532,-4.9954e-06,7.7832e-21,-4.628e-08,1,1.862,8,0.862,0
0.00024892,-4.8609e-06,9.0798e-21,-4.63e-08,1,1.864,8,0.864,0
0.00024464,-4.7264e-06,1.0376e-20,-4.6319e-08,1,1.866,8,0.866,0
0.00024037,-4.5918e-06,1.1673e-20,-4.6339e-08,1,1.868,8,0.868,0
0.00023609,-4.4573e-06,1.297e-20,-4.6358e-08,1,1.87,8,0.87,0
0.00023181,-4.3228e-06,1.4266e-20,-4.6378e-08,1,1.872,8,0.872,0
0.00022754,-4.1882e-06,1.5563e-20,-4.6398e-08,1,1.874,8,0.874,0
0.00022326,-4.0537e-06,1.6859e-20,-4.6417e-08,1,1.876,8,0.876,0
0.00021898,-3.9192e-06,1.8156e-20,-4.6437e-08,1,1.878,8,0.878,0
0.00021471,-3.7846e-06,1.9452e-20,-4.6456e-08,1,1.88,8,0.88,0
0.00021043,-3.6501e-06,2.0749e-20,-4.6476e-08,1,1.882,8,0.882,0
0.00020615,-3.5156e-06,2.2046e-20,-4.6495e-08,1,1.884,8,0.884,0
0.00020187,-3.381e-06,2.3342e-20,-4.6515e-08,1,1.886,8,0.886,0
0.0001976,-3.2465e-06,2.4639e-20,-4.6535e-08,1,1.888,8,0.888,0
0.00019332,-3.112e-06,2.5935e-20,-4.6554e-08,1,1.89,8,0.89,0
0.00018904,-2.9774e-06,2.7232e-20,-4.6574e-08,1,1.892,8,0.892,0
0.00018477,-2.8429e-06,2.8529e-20,-4.6593e-08,1,1.894,8,0.894,0
0.00018049,-2.7084e-06,2.9825e-20,-4.6613e-08,1,1.896,8,0.896,0
0.00017621,-2.5738e-06,3.1122e-20,-4.6632e-08,1,1.898,8,0.898,0
0.00017194,-2.4393e-06,3.2418e-20,-4.6652e-08,1,1.9,8,0.9,0
0.00016821,-2.3659e-06,3.1307e-20,-4.6669e-08,1,1.902,8,0.902,0
0.00016448,-2.2924e-06,3.0195e-20,-4.6686e-08,1,1.904,8,0.904,0
0.00016076,-2.2189e-06,2.9084e-20,-4.6703e-08,1,1.906,8,0.906,0
0.00015703,-2.1455e-06,2.7972e-20,-4.6721e-08,1,1.908,8,0.908,0
0.00015331,-2.072e-06,2.686e-20,-4.6738e-08,1,1.91,8,0.91,0
0.00014958,-1.9986e-06,2.5749e-20,-4.6755e-08,1,1.912,8,0.912,0
0.00014585,-1.9251e-06,2.4637e-20,-4.6772e-08,1,1.914,8,0.914,0
0.00014213,-1.8517e-06,2.3526e-20,-4.6789e-08,1,1.916,8,0.916,0
0.0001384,-1.7782e-06,2.2414e-20,-4.6806e-08,1,1.918,8,0.918,0
0.00013468,-1.7048e-06,2.1303e-20,-4.6823e-08,1,1.92,8,0.92,0
0.00013095,-1.6313e-06,2.0191e-20,-4.6841e-08,1,1.922,8,0.922,0
0.00012723,-1.5578e-06,1.9079e-20,-4.6858e-08,1,1.924,8,0.924,0
0.0001235,-1.4844e-06,1.7968e-20,-4.6875e-08,1,1.926,8,0.926,0
0.00011977,-1.4109e-06,1.6856e-20,-4.6892e-08,1,1.928,8,0.928,0
0.00011605,-1.3375e-06,1.5745e-20,-4.6909e-08,1,1.93,8,0.93,0
0.00011232,-1.264e-06,1.4633e-20,-4.6926e-08,1,1.932,8,0.932,0
0.0001086,-1.1906e-06,1.3522e-20,-4.6944e-08,1,1.934,8,0.934,0
0.00010487,-1.1171e-06,1.241e-20,-4.6961e-08,1,1.936,8,0.936,0
0.00010114,-1.0437e-06,1.1298e-20,-4.6978e-08,1,1.938,8,0.938,0
9.7418e-05,-9.702e-07,1.0187e-20,-4.6995e-08,1,1.94,8,0.94,0
9.3692e-05,-8.9675e-07,9.0753e-21,-4.7012e-08,1,1.942,8,0.942,0
8.9966e-05,-8.2329e-07,7.9637e-21,-4.7029e-08,1,1.944,8,0.944,0
8.6241e-05,-7.4984e-07,6.8522e-21,-4.7046e-08,1,1.946,8,0.946,0
8.2515e-05,-6.7638e-07,5.7406e-21,-4.7064e-08,1,1.948,8,0.948,0
7.8789e-05,-6.0293e-07,4.629e-21,-4.7081e-08,1,1.95,8,0.95,0
7.5637e-05,-5.7881e-07,4.4439e-21,-4.7089e-08,1,1.952,8,0.952,0
7.2486e-05,-5.5469e-07,4.2587e-21,-4.7096e-08,1,1.954,8,0.954,0
6.9334e-05,-5.3058e-07,4.0735e-21,-4.7104e-08,1,1.956,8,0.956,0
6.6183e-05,-5.0646e-07,3.8884e-21,-4.7112e-08,1,1.958,8,0.958,0
6.3031e-05,-4.8234e-07,3.7032e-21,-4.712e-08,1,1.96,8,0.96,0
5.9879e-05,-4.5822e-07,3.5181e-21,-4.7127e-08,1,1.962,8,0.962,0
5.6728e-05,-4.3411e-07,3.3329e-21,-4.7135e-08,1,1.964,8,0.964,0
5.3576e-05,-4.0999e-07,3.1477e-21,-4.7143e-08,1,1.966,8,0.966,0
5.0425e-05,-3.8587e-07,2.9626e-21,-4.7151e-08,1,1.968,8,0.968,0
4.7273e-05,-3.6176e-07,2.7774e-21,-4.7159e-08,1,1.97,8,0.97,0
4.4122e-05,-3.3764e-07,2.5923e-21,-4.7166e-08,1,1.972,8,0.972,0
4.097e-05,-3.1352e-07,2.4071e-21,-4.7174e-08,1,1.974,8,0.974,0
3.7819e-05,-2.894e-07,2.2219e-21,-4.7182e-08,1,1.976,8,0.976,0
3.4667e-05,-2.6529e-07,2.0368e-21,-4.719e-08,1,1.978,8,0.978,0
3.1516e-05,-2.4117e-07,1.8516e-21,-4.7198e-08,1,1.98,8,0.98,0
2.8364e-05,-2.1705e-07,1.6664e-21,-4.7205e-08,1,1.982,8,0.982,0
2.5212e-05,-1.9294e-07,1.4813e-21,-4.7213e-08,1,1.984,8,0.984,0
2.2061e-05,-1.6882e-07,1.2961e-21,-4.7221e-08,1,1.986,8,0.986,0
1.8909e-05,-1.447e-07,1.111e-21,-4.7229e-08,1,1.988,8,0.988,0
1.5758e-05,-1.2059e-07,9.258e-22,-4.7237e-08,1,1.99,8,0.99,0
1.2606e-05,-9.6468e-08,7.4064e-22,-4.7244e-08,1,1.992,8,0.992,0
9.4546e-06,-7.2351e-08,5.5548e-22,-4.7252e-08,1,1.994,8,0.994,0
6.3031e-06,-4.8234e-08,3.7032e-22,-4.726e-08,1,1.996,8,0.996,0
3.1515e-06,-2.4117e-08,1.8516e-22,-4.7268e-08,1,1.998,8,0.998,0
0,0,0,-4.7275e-08,1,2,8,1,0
