caso,storage_hours,n_pemfc,estado_simulacion,error,n_pemel,x_MW,soc_inicial,soc_final,delta_soc,abs_delta_soc,ciclico_tol_1pct,horas_simuladas,E_comprada_MWh,E_vendida_MWh,RTE,costo_total_USD,ingreso_total_USD,margen_total_USD,soc_H2_min,soc_H2_max,soc_O2_min,soc_O2_max,p_H2_min_bar,p_H2_max_bar,p_O2_min_bar,p_O2_max_bar,P_descarga_real_prom_MW,P_descarga_real_max_MW,P_carga_real_prom_MW,eta_el_lhv_prom,eta_fc_lhv_prom,n_active_descarga_prom,n_active_descarga_max,horas_above_max_power,horas_inventory_limited,horas_tank_capacity_limited,horas_tanque_vacio,horas_tanque_lleno,sin_limites_materiales,V_H2_m3,V_O2_m3,P_pemel_max_grid_MW,P_pemfc_max_grid_MW,factible_operacional
1,4.0,50,ok,,100,100.0,0.5,0.7637712120120064,0.2637712120120064,0.2637712120120064,False,1464,17583.873984551974,4281.634187056814,0.24349777476899426,582161.0070413676,271136.4343049978,-311024.5727363698,0.5,1.0,0.5,1.0,185.0,350.0,52.49999999999999,100.0,35.09536218899028,35.23880497615366,48.043371542491734,0.6698037751374907,0.3714128418460793,50.0,50,122,0,228,0,174,False,894.3378770946683,1553.323681269687,457.3989326279722,34.21888265400356,False
2,4.0,60,ok,,100,100.0,0.5,0.7165254544144076,0.21652545441440763,0.21652545441440763,False,1464,20957.548072172613,5132.511126374611,0.24490036280482394,692638.1931542428,325042.9043399111,-367595.28881433164,0.43305090882881514,1.0,0.4330509088288152,1.0,162.906799913509,350.0,46.13983633873744,100.0,42.069763330939445,42.28656597138439,57.261060306482555,0.6735977505536306,0.3710188797025243,60.0,60,122,0,178,0,126,False,894.3378770946683,1553.323681269687,457.3989326279722,41.06265918480427,False
3,4.0,70,ok,,100,100.0,0.5,0.6692796968168088,0.16927969681680877,0.16927969681680877,False,1464,24452.09712507571,5980.886808293564,0.2445960678832796,806510.5954605635,378805.8282230181,-427704.76723754546,0.33855939363361753,1.0,0.3385593936336176,1.0,131.72459989909382,350.0,37.16314239519367,100.0,49.023662363061995,49.33432696661513,66.80900853845823,0.6655714981601473,0.3705824974397403,70.0,70,122,0,172,0,120,False,894.3378770946683,1553.323681269687,457.3989326279722,47.906435715604985,False
4,4.0,80,ok,,100,100.0,0.5,0.62203393921921,0.12203393921921002,0.12203393921921002,False,1464,27764.865727563887,6824.866116348295,0.2458094407268403,913800.7946530279,432330.9162944652,-481469.8783585627,0.2440678784384202,1.0,0.24406787843842026,1.0,100.54239988467869,350.0,28.18644845164992,100.0,55.94152554383849,56.38208796184586,75.86028887312537,0.6718420304239724,0.3700168569915797,80.0,80,122,0,107,0,62,False,894.3378770946683,1553.323681269687,457.3989326279722,54.750212246405695,False
5,4.0,90,ok,,100,100.0,0.5,0.5747881816216115,0.0747881816216115,0.0747881816216115,False,1464,31173.108773036172,7664.974572823133,0.24588418911408386,1025027.9667277035,485641.2203728394,-539386.746354864,0.14957636324322302,1.0,0.14957636324322302,1.0,69.3601998702636,350.0,19.209754508106183,100.0,62.82766043297651,63.42984895707659,85.17242834162887,0.6755801355664988,0.36939037038398626,90.0,90,122,0,60,0,15,False,894.3378770946683,1553.323681269687,457.3989326279722,61.5939887772064,False
6,4.0,100,ok,,100,100.0,0.5,0.5275424240240127,0.027542424024012746,0.027542424024012746,False,1464,34516.29333797976,8500.45390202848,0.24627366034912748,1136073.896329825,538696.188552461,-597377.707777364,0.055084848048025485,1.0,0.055084848048025464,1.0,38.17799985584841,350.0,10.23306056456242,100.0,69.67585165597114,70.47760995230732,94.3068123988518,0.6699537624807588,0.3686884029324594,100.0,100,122,0,47,0,2,False,894.3378770946683,1553.323681269687,457.3989326279722,68.43776530800712,False
7,4.0,106,ok,,100,100.0,0.5,0.6025724136988175,0.10257241369881753,0.10257241369881753,False,1464,30646.088514162882,8994.03424395405,0.2934806587077995,1007294.8153440638,569783.7913686337,-437511.02397542994,0.10176738316427107,1.0,0.10176738316427106,1.0,53.58323644420945,350.0,14.66790140060575,100.0,73.72159216355776,74.00000817054234,83.73248227913356,0.6693196543016681,0.44514012433719163,106.0,106,24,0,90,0,45,False,894.3378770946683,1553.323681269687,457.3989326279722,72.54403122648753,False
8,4.0,120,ok,,100,100.0,0.5,0.6025724136988175,0.10257241369881753,0.10257241369881753,False,1464,30646.088514162882,8994.03424395405,0.2934806587077995,1007294.8153440638,569783.7913686337,-437511.02397542994,0.10176738316427107,1.0,0.10176738316427106,1.0,53.58323644420945,350.0,14.66790140060575,100.0,73.72159216355776,74.00000817054234,83.73248227913356,0.6693196543016681,0.44514012433719163,106.0,106,24,0,90,0,45,False,894.3378770946683,1553.323681269687,457.3989326279722,82.12531836960854,False
9,4.0,135,ok,,100,100.0,0.5,0.6025724136988175,0.10257241369881753,0.10257241369881753,False,1464,30646.088514162882,8994.03424395405,0.2934806587077995,1007294.8153440638,569783.7913686337,-437511.02397542994,0.10176738316427107,1.0,0.10176738316427106,1.0,53.58323644420945,350.0,14.66790140060575,100.0,73.72159216355776,74.00000817054234,83.73248227913356,0.6693196543016681,0.44514012433719163,106.0,106,24,0,90,0,45,False,894.3378770946683,1553.323681269687,457.3989326279722,92.3909831658096,False
10,4.0,150,ok,,100,100.0,0.5,0.6025724136988175,0.10257241369881753,0.10257241369881753,False,1464,30646.088514162882,8994.03424395405,0.2934806587077995,1007294.8153440638,569783.7913686337,-437511.02397542994,0.10176738316427107,1.0,0.10176738316427106,1.0,53.58323644420945,350.0,14.66790140060575,100.0,73.72159216355776,74.00000817054234,83.73248227913356,0.6693196543016681,0.44514012433719163,106.0,106,24,0,90,0,45,False,894.3378770946683,1553.323681269687,457.3989326279722,102.65664796201068,False
11,6.0,50,ok,,100,100.0,0.5,0.8425141413413375,0.3425141413413375,0.3425141413413375,False,1464,17899.26253878537,4287.315144289472,0.23952468069561073,592913.0153093629,271488.07170588337,-321424.94360347954,0.4999999999999999,1.0,0.5,1.0,184.99999999999997,349.99999999999994,52.5,100.0,35.14192741220879,35.23880497615366,48.90508890378516,0.6691821088834894,0.37190563977743135,50.0,50,122,0,225,0,171,False,1341.5068156420025,2329.9855219045307,457.3989326279722,34.21888265400356,False
12,6.0,60,ok,,100,100.0,0.5,0.8110169696096052,0.31101696960960523,0.31101696960960523,False,1464,21281.099688472837,5141.127760255422,0.24158186538828985,703489.5298923416,325575.6133560745,-377913.91653626703,0.4999999999999999,1.0,0.5,0.9999999999999998,184.99999999999997,349.99999999999994,52.5,99.99999999999999,42.14039147750345,42.28656597138439,58.145081116046,0.6725288936399333,0.3716417587904695,60.0,60,122,0,175,0,124,False,1341.5068156420025,2329.9855219045307,457.3989326279722,41.06265918480427,False
13,6.0,70,ok,,100,100.0,0.5,0.7795197978778725,0.2795197978778725,0.2795197978778725,False,1464,24784.762418467268,5993.2416101981125,0.2418115416645073,817471.7994004902,379569.75502955343,-437902.0443709368,0.4999999999999999,1.0,0.5,1.0,184.99999999999997,349.99999999999994,52.5,100.0,49.12493123113206,49.33432696661513,67.71793010510183,0.6647078852409473,0.371348014910964,70.0,70,122,0,168,0,117,False,1341.5068156420025,2329.9855219045307,457.3989326279722,47.906435715604985,False
14,6.0,80,ok,,100,100.0,0.5,0.7480226261461399,0.2480226261461399,0.2480226261461399,False,1464,28107.75702057654,6842.548608980171,0.24343986622522104,924955.9302130872,433415.53869999794,-491540.3915130894,0.4099720180951497,1.0,0.40997201809514977,1.0,155.29076597139937,349.99999999999994,43.94734171903923,100.0,56.08646400803419,56.38208796184586,76.7971503294441,0.6708305054643126,0.37097553079350976,80.0,80,122,0,103,0,59,False,1341.5068156420025,2329.9855219045307,457.3989326279722,54.750212246405695,False
15,6.0,90,ok,,100,100.0,0.5,0.7165254544144076,0.21652545441440763,0.21652545441440763,False,1464,31529.173703668606,7689.58527339091,0.24388794155097634,1036614.4603483083,487138.9384191272,-549475.5219291811,0.3156472455581149,1.0,0.315647245558115,1.0,124.16359103417788,349.99999999999994,34.98648832802093,100.0,63.02938748681074,63.42984895707659,86.14528334335684,0.6739124655217333,0.37057640899530453,90.0,90,122,0,57,0,13,False,1341.5068156420025,2329.9855219045307,457.3989326279722,61.5939887772064,False
16,6.0,100,ok,,100,100.0,0.5,0.6850282826826751,0.18502828268267513,0.18502828268267513,False,1464,34905.78905056751,8531.95181315735,0.2444279887441374,1148926.3735404755,540541.1592306268,-608385.2143098487,0.2213300519596207,1.0,0.22133005195962088,1.0,93.0389171466748,349.99999999999994,26.026354936163983,100.0,69.93403125538813,70.47760995230732,95.37100833488392,0.667993915759157,0.3700545552207555,100.0,100,122,0,40,0,1,False,1341.5068156420025,2329.9855219045307,457.3989326279722,68.43776530800712,False
17,6.0,106,ok,,100,100.0,0.5,0.7359314017440266,0.2359314017440266,0.2359314017440266,False,1464,31130.46327965555,9010.70975922887,0.28944990886523586,1024177.9114110244,570716.4994814869,-453461.41192953754,0.23234642730599558,0.9999999999999998,0.23234642730599578,1.0,96.67432101097852,349.99999999999983,27.0729105940696,100.0,73.85827671499074,74.00000576890011,85.05591060015176,0.6678982956266547,0.4445701805275598,106.0,106,27,0,83,0,41,False,1341.5068156420025,2329.9855219045307,457.3989326279722,72.54403122648753,False
18,6.0,120,ok,,100,100.0,0.5,0.7359314017440266,0.2359314017440266,0.2359314017440266,False,1464,31130.46327965555,9010.70975922887,0.28944990886523586,1024177.9114110244,570716.4994814869,-453461.41192953754,0.23234642730599558,0.9999999999999998,0.23234642730599578,1.0,96.67432101097852,349.99999999999983,27.0729105940696,100.0,73.85827671499074,74.00000576890011,85.05591060015176,0.6678982956266547,0.4445701805275598,106.0,106,27,0,83,0,41,False,1341.5068156420025,2329.9855219045307,457.3989326279722,82.12531836960854,False
19,6.0,135,ok,,100,100.0,0.5,0.7359314017440266,0.2359314017440266,0.2359314017440266,False,1464,31130.46327965555,9010.70975922887,0.28944990886523586,1024177.9114110244,570716.4994814869,-453461.41192953754,0.23234642730599558,0.9999999999999998,0.23234642730599578,1.0,96.67432101097852,349.99999999999983,27.0729105940696,100.0,73.85827671499074,74.00000576890011,85.05591060015176,0.6678982956266547,0.4445701805275598,106.0,106,27,0,83,0,41,False,1341.5068156420025,2329.9855219045307,457.3989326279722,92.3909831658096,False
20,6.0,150,ok,,100,100.0,0.5,0.7359314017440266,0.2359314017440266,0.2359314017440266,False,1464,31130.46327965555,9010.70975922887,0.28944990886523586,1024177.9114110244,570716.4994814869,-453461.41192953754,0.23234642730599558,0.9999999999999998,0.23234642730599578,1.0,96.67432101097852,349.99999999999983,27.0729105940696,100.0,73.85827671499074,74.00000576890011,85.05591060015176,0.6678982956266547,0.4445701805275598,106.0,106,27,0,83,0,41,False,1341.5068156420025,2329.9855219045307,457.3989326279722,102.65664796201068,False
21,8.0,50,ok,,100,100.0,0.5,0.8818856060060032,0.3818856060060032,0.3818856060060032,False,1464,18207.155807271116,4288.770203246619,0.23555410019251208,602751.4134625907,271606.1253508141,-331145.2881117766,0.5,1.0,0.5,1.0,185.0,350.0,52.49999999999999,100.0,35.153854124972305,35.23880497615366,49.74632734227081,0.668949554315274,0.3720318597109234,50.0,50,122,0,220,0,168,False,1788.6757541893367,3106.647362539374,457.3989326279722,34.21888265400356,False
22,8.0,60,ok,,100,100.0,0.5,0.858262727207204,0.358262727207204,0.358262727207204,False,1464,21589.48663479848,5143.672049431461,0.23824892812137372,713013.3660762783,325766.764351942,-387246.60172433616,0.5,1.0,0.5,0.9999999999999997,185.0,350.0,52.49999999999999,99.99999999999999,42.161246306815265,42.28656597138439,58.98766840108874,0.6721823579390809,0.3718256803244888,60.0,60,122,0,172,0,121,False,1788.6757541893367,3106.647362539374,457.3989326279722,41.06265918480427,False
23,8.0,70,ok,,100,100.0,0.5,0.8346398484084044,0.33463984840840444,0.33463984840840444,False,1464,25097.871729793776,5997.438176015763,0.23896202198277164,827373.8131780594,379863.9023095658,-447509.9108684937,0.5,1.0,0.5,0.9999999999999997,185.0,350.0,52.49999999999999,99.99999999999999,49.15932931160461,49.33432696661513,68.57342002675895,0.6643842582093178,0.3716080388658094,70.0,70,122,0,165,0,114,False,1788.6757541893367,3106.647362539374,457.3989326279722,47.906435715604985,False
24,8.0,80,ok,,100,100.0,0.5,0.8110169696096051,0.3110169696096051,0.3110169696096051,False,1464,28425.99974011741,6849.137659012704,0.2409462366013662,935180.4274413618,433852.4741079487,-501327.9533334131,0.43283082567463904,1.0,0.4328308256746391,1.0,162.83417247263088,350.0,46.11892843909071,100.0,56.14047261485823,56.38208796184586,77.66666595660496,0.6701100625134391,0.3713327626486166,80.0,80,122,0,100,0,57,False,1788.6757541893367,3106.647362539374,457.3989326279722,54.750212246405695,False
25,8.0,90,ok,,100,100.0,0.5,0.7873940908108056,0.2873940908108056,0.2873940908108056,False,1464,31854.495226502084,7698.2070655424895,0.2416678403096398,1047894.9679161977,487660.7415779354,-560234.2263382624,0.3620623006854913,1.0,0.36206230068549117,1.0,139.48055922621214,350.0,39.395918565121654,100.0,63.100057914282715,63.42984895707659,87.03413996312045,0.6726831180727227,0.37099191030792955,90.0,90,122,0,54,0,13,False,1788.6757541893367,3106.647362539374,457.3989326279722,61.5939887772064,False
26,8.0,100,ok,,100,100.0,0.5,0.7637712120120064,0.2637712120120064,0.2637712120120064,False,1464,35241.49458931592,8536.612355902529,0.24223184786523086,1159580.6835485557,540836.6925741645,-618743.9909743913,0.2912973502987998,1.0,0.29129735029879966,0.9999999999999997,116.12812559860392,350.0,32.673248278385955,99.99999999999999,69.97223242543055,70.47760995230732,96.28823658283038,0.667062819021082,0.37025669596304084,100.0,100,122,0,33,0,1,False,1788.6757541893367,3106.647362539374,457.3989326279722,68.43776530800712,False
27,8.0,106,ok,,100,100.0,0.5,0.4936555500257983,-0.0063444499742016935,0.0063444499742016935,True,1464,36600.00008934371,8935.853358919125,0.24414899828158326,1206109.0027097482,566089.3849267536,-640019.6177829948,0.24811854075809903,0.7517698686181765,0.2481185407580989,0.7517698686181763,101.87911845017267,268.0840566439982,28.57126137201939,76.41813751872674,73.2446996632715,73.80261057064341,100.00000024410849,0.6674626860803917,0.3656348039530074,106.0,106,122,0,0,0,0,True,1788.6757541893367,3106.647362539374,457.3989326279722,72.54403122648753,True
28,8.0,120,ok,,100,100.0,0.5,0.4936555500257983,-0.0063444499742016935,0.0063444499742016935,True,1464,36600.00008934371,8935.853358919125,0.24414899828158326,1206109.0027097482,566089.3849267536,-640019.6177829948,0.24811854075809903,0.7517698686181765,0.2481185407580989,0.7517698686181763,101.87911845017267,268.0840566439982,28.57126137201939,76.41813751872674,73.2446996632715,73.80261057064341,100.00000024410849,0.6674626860803917,0.3656348039530074,106.0,106,122,0,0,0,0,True,1788.6757541893367,3106.647362539374,457.3989326279722,82.12531836960854,True
29,8.0,135,ok,,100,100.0,0.5,0.4936555500257983,-0.0063444499742016935,0.0063444499742016935,True,1464,36600.00008934371,8935.853358919125,0.24414899828158326,1206109.0027097482,566089.3849267536,-640019.6177829948,0.24811854075809903,0.7517698686181765,0.2481185407580989,0.7517698686181763,101.87911845017267,268.0840566439982,28.57126137201939,76.41813751872674,73.2446996632715,73.80261057064341,100.00000024410849,0.6674626860803917,0.3656348039530074,106.0,106,122,0,0,0,0,True,1788.6757541893367,3106.647362539374,457.3989326279722,92.3909831658096,True
30,8.0,150,ok,,100,100.0,0.5,0.4936555500257983,-0.0063444499742016935,0.0063444499742016935,True,1464,36600.00008934371,8935.853358919125,0.24414899828158326,1206109.0027097482,566089.3849267536,-640019.6177829948,0.24811854075809903,0.7517698686181765,0.2481185407580989,0.7517698686181763,101.87911845017267,268.0840566439982,28.57126137201939,76.41813751872674,73.2446996632715,73.80261057064341,100.00000024410849,0.6674626860803917,0.3656348039530074,106.0,106,122,0,0,0,0,True,1788.6757541893367,3106.647362539374,457.3989326279722,102.65664796201068,True
31,10.0,50,ok,,100,100.0,0.5,0.9055084848048024,0.4055084848048024,0.4055084848048024,False,1464,18510.77658849149,4289.441669001947,0.23172672677972767,612154.5743077605,271668.329005355,-340486.24530240556,0.5,0.9999999999999999,0.5,1.0,185.0,349.99999999999994,52.49999999999999,99.99999999999999,35.15935794263892,35.23880497615366,50.57589231828276,0.6687845808709385,0.37209010639746726,50.0,50,122,0,217,0,165,False,2235.844692736671,3883.3092031742176,457.3989326279722,34.21888265400356,False
32,10.0,60,ok,,100,100.0,0.5,0.886610181765763,0.386610181765763,0.386610181765763,False,1464,21894.491004250885,5145.040763146634,0.23499248108337883,722714.5085921946,325873.89199152635,-396840.6166006682,0.5,0.9999999999999999,0.5,1.0,185.0,349.99999999999994,52.49999999999999,99.99999999999999,42.17246527169371,42.28656597138439,59.821013672816626,0.6719545266597634,0.37192462187897024,60.0,60,122,0,169,0,118,False,2235.844692736671,3883.3092031742176,457.3989326279722,41.06265918480427,False
33,10.0,70,ok,,100,100.0,0.5,0.8677118787267235,0.3677118787267235,0.3677118787267235,False,1464,25405.39698063515,5999.613593403209,0.23615508145675965,837616.7546394758,380022.99077971536,-457593.7638597604,0.5,1.0,0.5,1.0,185.0,350.0,52.49999999999999,99.99999999999999,49.17716060166564,49.33432696661513,69.41365295255504,0.6642150711847089,0.37174283018259136,70.0,70,122,0,161,0,111,False,2235.844692736671,3883.3092031742176,457.3989326279722,47.906435715604985,False
34,10.0,80,ok,,100,100.0,0.5,0.848813575687684,0.348813575687684,0.348813575687684,False,1464,28739.57550301289,6851.965756915657,0.23841569115025157,946590.6154111609,434026.39482389914,-512564.2205872617,0.4464445500417791,0.9999999999999999,0.4464445500417791,1.0,167.32670151378707,349.99999999999994,47.412232253968995,99.99999999999999,56.16365374521031,56.38208796184586,78.52343033610079,0.6696532574068383,0.37148609076956074,80.0,80,122,0,96,0,55,False,2235.844692736671,3883.3092031742176,457.3989326279722,54.750212246405695,False
35,10.0,90,ok,,100,100.0,0.5,0.8299152726486444,0.3299152726486444,0.3299152726486444,False,1464,32166.944917995177,7700.390154336332,0.23938829671165002,1057315.583223804,487747.126041622,-569568.4571821818,0.38981645218287575,0.9999999999999999,0.3898164521828757,1.0,148.639429220349,349.99999999999994,42.03256295737319,99.99999999999999,63.11795208472403,63.42984895707659,87.88782764479555,0.6722309037592227,0.37109711769909265,90.0,90,122,0,50,0,11,False,2235.844692736671,3883.3092031742176,457.3989326279722,61.5939887772064,False
36,10.0,100,ok,,100,100.0,0.5,0.811016969609605,0.311016969609605,0.311016969609605,False,1464,35555.612890358505,8531.69744306997,0.23995360365123902,1172410.3792493814,540585.557926283,-631824.8213230984,0.3331903377099508,0.9999999999999999,0.3331903377099508,1.0,129.95281144428378,349.99999999999994,36.65308208244532,99.99999999999999,69.93194625467187,70.47760995230732,97.14648330699048,0.6666665169769096,0.37004352248034533,100.0,100,122,0,26,0,0,False,2235.844692736671,3883.3092031742176,457.3989326279722,68.43776530800712,False
37,10.0,106,ok,,100,100.0,0.5,0.4963901225908204,-0.003609877409179618,0.003609877409179618,True,1464,36599.99999330644,8921.285134803791,0.2437509600118949,1206108.9994686053,565098.9268822767,-641010.0725863287,0.2988837782029636,0.7013288386747233,0.2988837782029637,0.7013288386747233,118.63164680697797,251.43851676265862,33.393958929281546,71.62623967409871,73.12528799019502,73.5852475389444,99.99999998171158,0.6675427797772141,0.3650387053427906,106.0,106,122,0,0,0,0,True,2235.844692736671,3883.3092031742176,457.3989326279722,72.54403122648753,True
38,10.0,120,ok,,100,100.0,0.5,0.4963901225908204,-0.003609877409179618,0.003609877409179618,True,1464,36599.99999330644,8921.285134803791,0.2437509600118949,1206108.9994686053,565098.9268822767,-641010.0725863287,0.2988837782029636,0.7013288386747233,0.2988837782029637,0.7013288386747233,118.63164680697797,251.43851676265862,33.393958929281546,71.62623967409871,73.12528799019502,73.5852475389444,99.99999998171158,0.6675427797772141,0.3650387053427906,106.0,106,122,0,0,0,0,True,2235.844692736671,3883.3092031742176,457.3989326279722,82.12531836960854,True
39,10.0,135,ok,,100,100.0,0.5,0.4963901225908204,-0.003609877409179618,0.003609877409179618,True,1464,36599.99999330644,8921.285134803791,0.2437509600118949,1206108.9994686053,565098.9268822767,-641010.0725863287,0.2988837782029636,0.7013288386747233,0.2988837782029637,0.7013288386747233,118.63164680697797,251.43851676265862,33.393958929281546,71.62623967409871,73.12528799019502,73.5852475389444,99.99999998171158,0.6675427797772141,0.3650387053427906,106.0,106,122,0,0,0,0,True,2235.844692736671,3883.3092031742176,457.3989326279722,92.3909831658096,True
40,10.0,150,ok,,100,100.0,0.5,0.4963901225908204,-0.003609877409179618,0.003609877409179618,True,1464,36599.99999330644,8921.285134803791,0.2437509600118949,1206108.9994686053,565098.9268822767,-641010.0725863287,0.2988837782029636,0.7013288386747233,0.2988837782029637,0.7013288386747233,118.63164680697797,251.43851676265862,33.393958929281546,71.62623967409871,73.12528799019502,73.5852475389444,99.99999998171158,0.6675427797772141,0.3650387053427906,106.0,106,122,0,0,0,0,True,2235.844692736671,3883.3092031742176,457.3989326279722,102.65664796201068,True
41,12.0,50,ok,,100,100.0,0.5,0.9212570706706663,0.4212570706706663,0.4212570706706663,False,1464,18813.319394890546,4289.8334843132,0.2280210841197042,621803.2411864143,271707.33139994496,-350095.9097864694,0.4999999999999999,1.0,0.5,1.0,184.99999999999997,349.99999999999994,52.5,100.0,35.162569543550816,35.23880497615366,51.40251200789768,0.668662508797807,0.37212409464398083,50.0,50,122,0,214,0,162,False,2683.013631284005,4659.9710438090615,457.3989326279722,34.21888265400356,False
42,12.0,60,ok,,100,100.0,0.5,0.9055084848048026,0.4055084848048026,0.4055084848048026,False,1464,22201.476472236624,5145.71210373949,0.23177341877123814,733401.304331148,325933.3354285446,-407467.9689026034,0.4999999999999999,1.0,0.5,1.0,184.99999999999997,349.99999999999994,52.5,100.0,42.177968063438435,42.28656597138439,60.659771782067274,0.6718804343774748,0.3719731517366807,60.0,60,122,0,165,0,115,False,2683.013631284005,4659.9710438090615,457.3989326279722,41.06265918480427,False
43,12.0,70,ok,,100,100.0,0.5,0.8897598989389363,0.38975989893893626,0.38975989893893626,False,1464,25709.87120532261,6000.471402533892,0.23339173326125562,848858.208682991,380076.1182252049,-468782.0904577861,0.4999999999999999,1.0,0.5,1.0,184.99999999999997,349.99999999999994,52.5,100.0,49.18419182404829,49.33432696661513,70.24554974131861,0.6641289040187778,0.3717959810045622,70.0,70,122,0,157,0,108,False,2683.013631284005,4659.9710438090615,457.3989326279722,47.906435715604985,False
44,12.0,80,ok,,100,100.0,0.5,0.8740113130730701,0.3740113130730701,0.3740113130730701,False,1464,29045.64712232213,6852.561327513703,0.23592386489634723,956560.3266290283,434028.41406193457,-522531.9125670938,0.4554747093423466,1.0,0.45547470934234663,1.0,170.30665408297432,349.99999999999994,48.27009738752293,100.0,56.168535471423795,56.38208796184586,79.35969159104407,0.669237333222597,0.3715183802177416,80.0,80,122,0,93,0,53,False,2683.013631284005,4659.9710438090615,457.3989326279722,54.750212246405695,False
45,12.0,90,ok,,100,100.0,0.5,0.8582627272072039,0.35826272720720387,0.35826272720720387,False,1464,32474.52239010734,7700.138536444403,0.23711321890880474,1066968.3751105638,487731.2569799444,-579237.1181306193,0.40827673932630143,1.0,0.4082767393263015,1.0,154.73132397767944,349.99999999999994,43.78629023599864,100.0,63.115889642986915,63.42984895707659,88.7282032516594,0.6713928306273897,0.3710849917324099,90.0,90,122,0,47,0,11,False,2683.013631284005,4659.9710438090615,457.3989326279722,61.5939887772064,False
46,12.0,100,ok,,100,100.0,0.5,0.8425141413413375,0.3425141413413375,0.3425141413413375,False,1464,35866.474164286614,8522.87483586166,0.2376278972062483,1183645.9995652044,539984.6681861354,-643661.3313790692,0.36107997136236486,1.0,0.36107997136236497,1.0,139.15639054958038,349.99999999999994,39.302597279424674,100.0,69.85962980214477,70.47760995230732,97.99583104996343,0.6662368134819149,0.36966086138967624,100.0,100,122,0,19,0,0,False,2683.013631284005,4659.9710438090615,457.3989326279722,68.43776530800712,False
47,12.0,106,ok,,100,100.0,0.5,0.4979507870333655,-0.002049212966634517,0.002049212966634517,True,1464,36600.000085621126,8911.008864344649,0.24347018698083217,1206109.0031776805,564402.318840657,-641706.6843370234,0.3326844407162643,0.667816140114279,0.33268444071626463,0.6678161401142793,129.7858654363672,240.379326237712,36.60502186804515,68.44253331085655,73.04105626512005,73.43269501691621,100.0000002339375,0.6676056645273231,0.36461822371850944,106.0,106,122,0,0,0,0,True,2683.013631284005,4659.9710438090615,457.3989326279722,72.54403122648753,True
48,12.0,120,ok,,100,100.0,0.5,0.4979507870333655,-0.002049212966634517,0.002049212966634517,True,1464,36600.000085621126,8911.008864344649,0.24347018698083217,1206109.0031776805,564402.318840657,-641706.6843370234,0.3326844407162643,0.667816140114279,0.33268444071626463,0.6678161401142793,129.7858654363672,240.379326237712,36.60502186804515,68.44253331085655,73.04105626512005,73.43269501691621,100.0000002339375,0.6676056645273231,0.36461822371850944,106.0,106,122,0,0,0,0,True,2683.013631284005,4659.9710438090615,457.3989326279722,82.12531836960854,True
49,12.0,135,ok,,100,100.0,0.5,0.4979507870333655,-0.002049212966634517,0.002049212966634517,True,1464,36600.000085621126,8911.008864344649,0.24347018698083217,1206109.0031776805,564402.318840657,-641706.6843370234,0.3326844407162643,0.667816140114279,0.33268444071626463,0.6678161401142793,129.7858654363672,240.379326237712,36.60502186804515,68.44253331085655,73.04105626512005,73.43269501691621,100.0000002339375,0.6676056645273231,0.36461822371850944,106.0,106,122,0,0,0,0,True,2683.013631284005,4659.9710438090615,457.3989326279722,92.3909831658096,True
50,12.0,150,ok,,100,100.0,0.5,0.4979507870333655,-0.002049212966634517,0.002049212966634517,True,1464,36600.000085621126,8911.008864344649,0.24347018698083217,1206109.0031776805,564402.318840657,-641706.6843370234,0.3326844407162643,0.667816140114279,0.33268444071626463,0.6678161401142793,129.7858654363672,240.379326237712,36.60502186804515,68.44253331085655,73.04105626512005,73.43269501691621,100.0000002339375,0.6676056645273231,0.36461822371850944,106.0,106,122,0,0,0,0,True,2683.013631284005,4659.9710438090615,457.3989326279722,102.65664796201068,True
51,14.0,50,ok,,100,100.0,0.5,0.9325060605748589,0.43250606057485885,0.43250606057485885,False,1464,19116.622619134563,4289.90590145099,0.22440710301813765,632874.8850409586,271724.87054319016,-361150.0144977685,0.5,0.9999999999999998,0.5,1.0,185.00000000000003,350.0,52.49999999999999,100.0,35.163163126647454,35.23880497615366,52.23120934189772,0.6686087233911722,0.3721303765106163,50.0,50,122,0,210,0,159,False,3130.1825698313396,5436.632884443906,457.3989326279722,34.21888265400356,False
52,14.0,60,ok,,100,100.0,0.5,0.9190072726898308,0.41900727268983085,0.41900727268983085,False,1464,22504.300096430543,5145.837661064627,0.22866019556328349,744840.6839064446,325939.7567547197,-418900.92715172487,0.5,1.0,0.5,1.0,185.00000000000003,350.0,52.49999999999999,100.0,42.17899722184121,42.28656597138439,61.48715873341679,0.6714277555012127,0.37198222802253056,60.0,60,122,0,162,0,113,False,3130.1825698313396,5436.632884443906,457.3989326279722,41.06265918480427,False
53,14.0,70,ok,,100,100.0,0.5,0.9055084848048024,0.4055084848048024,0.4055084848048024,False,1464,26012.50403934602,6000.402149872782,0.23067376138785745,858564.4052392975,380051.14244170714,-478513.2627975904,0.5,0.9999999999999998,0.5,1.0,185.00000000000003,350.0,52.49999999999999,100.0,49.183624179285104,49.33432696661513,71.07241540804924,0.6640941415893029,0.3717916900315124,70.0,70,122,0,152,0,105,False,3130.1825698313396,5436.632884443906,457.3989326279722,47.906435715604985,False
54,14.0,80,ok,,100,100.0,0.5,0.8920096969197743,0.3920096969197743,0.3920096969197743,False,1464,29349.723381363503,6852.0637139977725,0.23346263353026006,964949.4238437226,433979.11048942513,-530970.3133542975,0.4619012465935851,1.0,0.46190124659358506,1.0,172.42741137588308,350.0,48.880618426390576,100.0,56.16445667211289,56.38208796184586,80.19050104197679,0.6691389365061682,0.37149140160951377,80.0,80,122,0,89,0,50,False,3130.1825698313396,5436.632884443906,457.3989326279722,54.750212246405695,False
55,14.0,90,ok,,100,100.0,0.5,0.8785109090347463,0.37851090903474627,0.37851090903474627,False,1464,32782.28908115934,7698.273408887149,0.23483025818692774,1077256.0134334462,487642.78995089355,-589613.2234825527,0.4214407641939243,1.0,0.4214407641939243,0.9999999999999998,159.075452183995,350.0,45.036872598422796,99.99999999999999,63.10060171218975,63.42984895707659,89.56909585016213,0.6709131659675189,0.3709951075256663,90.0,90,122,0,43,0,10,False,3130.1825698313396,5436.632884443906,457.3989326279722,61.5939887772064,False
56,14.0,100,ok,,100,100.0,0.5,0.8650121211497179,0.3650121211497179,0.3650121211497179,False,1464,36176.87082969744,8511.892575283833,0.2352854843458837,1193714.8495604612,539156.8297014562,-654558.0198590049,0.38098106742117727,1.0,0.3809810674211772,0.9999999999999997,145.7237522489885,350.0,41.19320140501183,99.99999999999996,69.76961127281831,70.47760995230732,98.84390937075803,0.6659156495848358,0.36918453010670077,100.0,100,122,0,10,0,0,False,3130.1825698313396,5436.632884443906,457.3989326279722,68.43776530800712,False
57,14.0,106,ok,,100,100.0,0.5,0.49889393552165806,-0.0011060644783419393,0.0011060644783419393,True,1464,36599.99997413823,8903.35485420693,0.24326106176224294,1206108.998917181,563884.4974223692,-642224.5014948118,0.3567056434588989,0.6439041174502462,0.3567056434588989,0.6439041174502463,137.71286234143662,232.48835875858128,38.88703612859539,66.17089115777338,72.97831847710597,73.31947556337947,99.99999992933942,0.6676554242278542,0.36430503902492156,106.0,106,122,0,0,0,0,True,3130.1825698313396,5436.632884443906,457.3989326279722,72.54403122648753,True
58,14.0,120,ok,,100,100.0,0.5,0.49889393552165806,-0.0011060644783419393,0.0011060644783419393,True,1464,36599.99997413823,8903.35485420693,0.24326106176224294,1206108.998917181,563884.4974223692,-642224.5014948118,0.3567056434588989,0.6439041174502462,0.3567056434588989,0.6439041174502463,137.71286234143662,232.48835875858128,38.88703612859539,66.17089115777338,72.97831847710597,73.31947556337947,99.99999992933942,0.6676554242278542,0.36430503902492156,106.0,106,122,0,0,0,0,True,3130.1825698313396,5436.632884443906,457.3989326279722,82.12531836960854,True
59,14.0,135,ok,,100,100.0,0.5,0.49889393552165806,-0.0011060644783419393,0.0011060644783419393,True,1464,36599.99997413823,8903.35485420693,0.24326106176224294,1206108.998917181,563884.4974223692,-642224.5014948118,0.3567056434588989,0.6439041174502462,0.3567056434588989,0.6439041174502463,137.71286234143662,232.48835875858128,38.88703612859539,66.17089115777338,72.97831847710597,73.31947556337947,99.99999992933942,0.6676554242278542,0.36430503902492156,106.0,106,122,0,0,0,0,True,3130.1825698313396,5436.632884443906,457.3989326279722,92.3909831658096,True
60,14.0,150,ok,,100,100.0,0.5,0.49889393552165806,-0.0011060644783419393,0.0011060644783419393,True,1464,36599.99997413823,8903.35485420693,0.24326106176224294,1206108.998917181,563884.4974223692,-642224.5014948118,0.3567056434588989,0.6439041174502462,0.3567056434588989,0.6439041174502463,137.71286234143662,232.48835875858128,38.88703612859539,66.17089115777338,72.97831847710597,73.31947556337947,99.99999992933942,0.6676554242278542,0.36430503902492156,106.0,106,122,0,0,0,0,True,3130.1825698313396,5436.632884443906,457.3989326279722,102.65664796201068,True
61,16.0,50,ok,,100,100.0,0.5,0.9409428030030016,0.4409428030030016,0.4409428030030016,False,1464,19419.9818310696,4289.748666988228,0.2208935468788727,644487.986643665,271713.1146849574,-372774.87195870746,0.5,1.0,0.5,1.0,185.0,350.0,52.49999999999999,100.0,35.16187431957564,35.23880497615366,53.06005964773116,0.6686169365807392,0.3721167371159135,50.0,50,122,0,206,0,156,False,3577.3515083786733,6213.294725078748,457.3989326279722,34.21888265400356,False
62,16.0,60,ok,,100,100.0,0.5,0.9291313636036019,0.42913136360360193,0.42913136360360193,False,1464,22809.654686829468,5145.622995661155,0.22558969288703398,754755.0307110668,325914.07933918526,-428840.9513718815,0.5,1.0,0.5,1.0,185.0,350.0,52.49999999999999,100.0,42.17723766935372,42.28656597138439,62.32146089297668,0.6710902632649054,0.37196671029338285,60.0,60,122,0,159,0,111,False,3577.3515083786733,6213.294725078748,457.3989326279722,41.06265918480427,False
63,16.0,70,ok,,100,100.0,0.5,0.9173199242042022,0.41731992420420216,0.41731992420420216,False,1464,26314.000073095758,5999.854945659365,0.22800999198118116,868376.3520419763,379993.960712346,-488382.3913296303,0.5,1.0,0.5,0.9999999999999996,185.0,350.0,52.49999999999999,99.99999999999994,49.17913889884724,49.33432696661513,71.89617506310317,0.664086238400958,0.371757784640804,70.0,70,122,0,149,0,102,False,3577.3515083786733,6213.294725078748,457.3989326279722,47.906435715604985,False
64,16.0,80,ok,,100,100.0,0.5,0.9055084848048024,0.4055084848048024,0.4055084848048024,False,1464,29654.379613635265,6851.07803182601,0.23103090069959997,974455.0541666327,433917.3933407574,-540537.6608258752,0.46670775491511773,1.0,0.4667077549151176,1.0,174.01355912198886,350.0,49.33723671693617,100.0,56.156377310049265,56.38208796184586,81.02289511922204,0.6689073011223887,0.371437961877075,80.0,80,122,0,85,0,48,False,3577.3515083786733,6213.294725078748,457.3989326279722,54.750212246405695,False
65,16.0,90,ok,,100,100.0,0.5,0.893697045405403,0.39369704540540296,0.39369704540540296,False,1464,33083.90807363599,7695.530323850392,0.23260644742217837,1086922.507017105,487514.52511203726,-599407.9819050677,0.43130136865149576,1.0,0.4313013686514957,0.9999999999999997,162.32945165499362,350.0,45.973630021892085,99.99999999999999,63.078117408609764,63.42984895707659,90.39319145802183,0.6701662391692353,0.37086291280171824,90.0,90,122,0,40,0,10,False,3577.3515083786733,6213.294725078748,457.3989326279722,61.5939887772064,False
66,16.0,100,ok,,100,100.0,0.5,0.8818856060060029,0.38188560600600285,0.38188560600600285,False,1464,36480.08769347808,8499.324117657758,0.232985298420137,1202400.091296731,538268.2802663053,-664131.8110304258,0.39589552331132283,0.9999999999999997,0.3958955233113228,1.0,150.64552269273656,349.99999999999983,42.61007471457566,100.0,69.66659112834226,70.47760995230732,99.67237074720788,0.6656043152150238,0.3686394010320785,100.0,100,122,0,3,0,0,False,3577.3515083786733,6213.294725078748,457.3989326279722,68.43776530800712,False
67,16.0,106,ok,,100,100.0,0.5,0.4994905180194548,-0.0005094819805451789,0.0005094819805451789,True,1464,36600.000028438975,8897.42682181477,0.2430990933033137,1206109.0009361203,563484.0171635111,-642624.9837726094,0.37465229152740825,0.62597340008526,0.3746522915274082,0.62597340008526,143.63525620404474,226.57122202813585,40.59196769510377,64.46747300809969,72.92972804766205,73.23201626372669,100.0000000777021,0.6676954953189662,0.36406247741670417,106.0,106,122,0,0,0,0,True,3577.3515083786733,6213.294725078748,457.3989326279722,72.54403122648753,True
68,16.0,120,ok,,100,100.0,0.5,0.4994905180194548,-0.0005094819805451789,0.0005094819805451789,True,1464,36600.000028438975,8897.42682181477,0.2430990933033137,1206109.0009361203,563484.0171635111,-642624.9837726094,0.37465229152740825,0.62597340008526,0.3746522915274082,0.62597340008526,143.63525620404474,226.57122202813585,40.59196769510377,64.46747300809969,72.92972804766205,73.23201626372669,100.0000000777021,0.6676954953189662,0.36406247741670417,106.0,106,122,0,0,0,0,True,3577.3515083786733,6213.294725078748,457.3989326279722,82.12531836960854,True
69,16.0,135,ok,,100,100.0,0.5,0.4994905180194548,-0.0005094819805451789,0.0005094819805451789,True,1464,36600.000028438975,8897.42682181477,0.2430990933033137,1206109.0009361203,563484.0171635111,-642624.9837726094,0.37465229152740825,0.62597340008526,0.3746522915274082,0.62597340008526,143.63525620404474,226.57122202813585,40.59196769510377,64.46747300809969,72.92972804766205,73.23201626372669,100.0000000777021,0.6676954953189662,0.36406247741670417,106.0,106,122,0,0,0,0,True,3577.3515083786733,6213.294725078748,457.3989326279722,92.3909831658096,True
70,16.0,150,ok,,100,100.0,0.5,0.4994905180194548,-0.0005094819805451789,0.0005094819805451789,True,1464,36600.000028438975,8897.42682181477,0.2430990933033137,1206109.0009361203,563484.0171635111,-642624.9837726094,0.37465229152740825,0.62597340008526,0.3746522915274082,0.62597340008526,143.63525620404474,226.57122202813585,40.59196769510377,64.46747300809969,72.92972804766205,73.23201626372669,100.0000000777021,0.6676954953189662,0.36406247741670417,106.0,106,122,0,0,0,0,True,3577.3515083786733,6213.294725078748,457.3989326279722,102.65664796201068,True
71,18.0,50,ok,,100,100.0,0.5,0.9475047137804459,0.4475047137804459,0.4475047137804459,False,1464,19722.412707817093,4289.43771017231,0.21749051567469566,654452.2435743636,271685.3164494695,-382766.9271248941,0.5,1.0,0.5,1.0,184.99999999999997,350.0,52.49999999999999,99.99999999999999,35.15932549321566,35.23880497615366,53.88637351862594,0.6681584569704289,0.37208976298649327,50.0,50,122,0,203,0,154,False,4024.5204469260075,6989.956565713592,457.3989326279722,34.21888265400356,False
72,18.0,60,ok,,100,100.0,0.5,0.9370056565365351,0.4370056565365351,0.4370056565365351,False,1464,23110.579411021987,5144.967238374761,0.22262389647924635,764509.5449293543,325855.87016875634,-438653.67476059793,0.5,1.0,0.5,0.9999999999999997,184.99999999999997,350.0,52.49999999999999,99.99999999999996,42.17186260962917,42.28656597138439,63.14365959295625,0.6710181479216936,0.3719193069214729,60.0,60,122,0,155,0,108,False,4024.5204469260075,6989.956565713592,457.3989326279722,41.06265918480427,False
73,18.0,70,ok,,100,100.0,0.5,0.9265065992926241,0.42650659929262413,0.42650659929262413,False,1464,26614.77499497732,5998.89740849762,0.2253972618453366,876388.9552202795,379928.14046336006,-496460.8147569195,0.5,1.0,0.5,0.9999999999999999,184.99999999999997,350.0,52.49999999999999,99.99999999999999,49.171290233587044,49.33432696661513,72.71796446715115,0.6640992274853187,0.3716984545574627,70.0,70,122,0,145,0,99,False,4024.5204469260075,6989.956565713592,457.3989326279722,47.906435715604985,False
74,18.0,80,ok,,100,100.0,0.5,0.9160075420487129,0.41600754204871293,0.41600754204871293,False,1464,29958.678645138083,6849.652621569628,0.22863667328936885,984506.0844999049,433840.5021228522,-550665.5823770526,0.4704379703117145,0.9999999999999997,0.4704379703117146,1.0,175.24453020286575,349.99999999999994,49.69160717961288,99.99999999999999,56.144693619423194,56.38208796184586,81.8543132380822,0.6686495706733424,0.3713606818522365,80.0,80,122,0,81,0,46,False,4024.5204469260075,6989.956565713592,457.3989326279722,54.750212246405695,False
75,18.0,90,ok,,100,100.0,0.5,0.9055084848048026,0.4055084848048026,0.4055084848048026,False,1464,33387.73292337238,7691.75869402419,0.23037678873487502,1099877.4941874924,487314.06174862385,-612563.4324388688,0.4389631667662921,1.0,0.43896316676629205,0.9999999999999997,164.85784503287636,350.0,46.70150084279775,99.99999999999996,63.047202410034345,63.42984895707659,91.22331399828519,0.6697751803503795,0.37068115045858013,90.0,90,122,0,37,0,9,False,4024.5204469260075,6989.956565713592,457.3989326279722,61.5939887772064,False
76,18.0,100,ok,,100,100.0,0.5,0.8628222561197528,0.36282225611975283,0.36282225611975283,False,1464,36599.999943871924,8486.36437528997,0.23186787946186524,1206108.9978462493,537425.8667674125,-668683.1310788367,0.40748874587412404,0.9678128285588611,0.407488745874124,0.9678128285588613,154.4712861384609,339.3782334244241,43.71143085804177,96.94221871309183,69.560363731885,70.37910827517774,99.99999984664458,0.6656308706826232,0.3680773008464807,100.0,100,122,0,0,0,0,True,4024.5204469260075,6989.956565713592,457.3989326279722,68.43776530800712,False
77,18.0,106,ok,,100,100.0,0.5,0.4998811213134561,-0.00011887868654392175,0.00011887868654392175,True,1464,36600.00000863111,8892.697385913058,0.24296987387475294,1206109.000024369,563164.854513987,-642944.145510382,0.3886042984890494,0.6120433208060444,0.38860429848904937,0.6120433208060443,148.23941850138627,221.9742958659946,41.91740835645969,63.14411547657421,72.89096217961523,73.16247297789539,100.00000002358226,0.6677283475707985,0.36386895965188926,106.0,106,122,0,0,0,0,True,4024.5204469260075,6989.956565713592,457.3989326279722,72.54403122648753,True
78,18.0,120,ok,,100,100.0,0.5,0.4998811213134561,-0.00011887868654392175,0.00011887868654392175,True,1464,36600.00000863111,8892.697385913058,0.24296987387475294,1206109.000024369,563164.854513987,-642944.145510382,0.3886042984890494,0.6120433208060444,0.38860429848904937,0.6120433208060443,148.23941850138627,221.9742958659946,41.91740835645969,63.14411547657421,72.89096217961523,73.16247297789539,100.00000002358226,0.6677283475707985,0.36386895965188926,106.0,106,122,0,0,0,0,True,4024.5204469260075,6989.956565713592,457.3989326279722,82.12531836960854,True
79,18.0,135,ok,,100,100.0,0.5,0.4998811213134561,-0.00011887868654392175,0.00011887868654392175,True,1464,36600.00000863111,8892.697385913058,0.24296987387475294,1206109.000024369,563164.854513987,-642944.145510382,0.3886042984890494,0.6120433208060444,0.38860429848904937,0.6120433208060443,148.23941850138627,221.9742958659946,41.91740835645969,63.14411547657421,72.89096217961523,73.16247297789539,100.00000002358226,0.6677283475707985,0.36386895965188926,106.0,106,122,0,0,0,0,True,4024.5204469260075,6989.956565713592,457.3989326279722,92.3909831658096,True
80,18.0,150,ok,,100,100.0,0.5,0.4998811213134561,-0.00011887868654392175,0.00011887868654392175,True,1464,36600.00000863111,8892.697385913058,0.24296987387475294,1206109.000024369,563164.854513987,-642944.145510382,0.3886042984890494,0.6120433208060444,0.38860429848904937,0.6120433208060443,148.23941850138627,221.9742958659946,41.91740835645969,63.14411547657421,72.89096217961523,73.16247297789539,100.00000002358226,0.6677283475707985,0.36386895965188926,106.0,106,122,0,0,0,0,True,4024.5204469260075,6989.956565713592,457.3989326279722,102.65664796201068,True
81,21.0,50,ok,,100,100.0,0.5,0.9550040403832392,0.45500404038323916,0.45500404038323916,False,1464,20174.3161174599,4288.626479915871,0.21257853078867298,669091.1386969334,271617.52113322937,-397473.6175637039,0.5000000000000001,1.0,0.5000000000000001,1.0,185.0,349.99999999999994,52.50000000000001,100.0,35.152676064884176,35.23880497615366,55.12108228814181,0.6683419426854137,0.3720193923472064,50.0,50,122,0,197,0,149,False,4695.273854747008,8154.9493266658565,457.3989326279722,34.21888265400356,False
82,21.0,60,ok,,100,100.0,0.5,0.9460048484598872,0.4460048484598872,0.4460048484598872,False,1464,23563.5785472574,5143.860254183307,0.21829707418451552,777980.4054241918,325772.7325807266,-452207.67284346523,0.5000000000000001,1.0,0.5000000000000001,1.0,185.0,349.99999999999994,52.50000000000001,100.0,42.162788968715624,42.28656597138439,64.3813621509765,0.6711295728842408,0.3718392852664879,60.0,60,122,0,149,0,103,False,4695.273854747008,8154.9493266658565,457.3989326279722,41.06265918480427,False
83,21.0,70,ok,,100,100.0,0.5,0.937005656536535,0.437005656536535,0.437005656536535,False,1464,27065.100697617505,5997.3557236425095,0.22159000221899955,890476.6506934438,379834.4716423021,-510642.1790511417,0.5000000000000001,1.0,0.5000000000000001,1.0,185.0,349.99999999999994,52.50000000000001,100.0,49.15865347247958,49.33432696661513,73.94836256179646,0.6642858239294188,0.37160293002369627,70.0,70,122,0,138,0,94,False,4695.273854747008,8154.9493266658565,457.3989326279722,47.906435715604985,False
84,21.0,80,ok,,100,100.0,0.5,0.9280064646131828,0.4280064646131828,0.4280064646131828,False,1464,30411.031722894193,6846.835448009309,0.22514314905188956,999004.3910628413,433696.7561950354,-565307.634867806,0.47469207883790865,1.0,0.47469207883790865,1.0,176.64838601650987,349.99999999999994,50.095747489601315,100.0,56.12160203286321,56.38208796184586,83.09025060900052,0.6682593972354819,0.37120794600531754,80.0,80,122,0,76,0,43,False,4695.273854747008,8154.9493266658565,457.3989326279722,54.750212246405695,False
85,21.0,90,ok,,100,100.0,0.5,0.9190072726898308,0.41900727268983085,0.41900727268983085,False,1464,33836.07110987061,7685.731770147284,0.2271461052670862,1117643.74029991,486957.8740571026,-630685.8662428076,0.4477111909855464,1.0,0.4477111909855464,1.0,167.7446930252303,349.99999999999994,47.5325631436269,100.0,62.997801394649876,63.42984895707659,92.44828172095795,0.6694797806976621,0.37039070100933336,90.0,90,122,0,32,0,6,False,4695.273854747008,8154.9493266658565,457.3989326279722,61.5939887772064,False
86,21.0,100,ok,,100,100.0,0.5,0.8134544922631077,0.31345449226310773,0.31345449226310773,False,1464,36599.999991657045,8470.412799229442,0.23143204374754833,1206108.9994240422,536394.8261366119,-669714.1732874305,0.4207305607157783,0.9034464114966292,0.4207305607157783,0.9034464114966291,158.84108503620683,318.1373157938876,44.96940326799893,90.82740909217976,69.42961310843806,70.17250206705391,99.99999997720504,0.6659136224228182,0.3673854364860837,100.0,100,122,0,0,0,0,True,4695.273854747008,8154.9493266658565,457.3989326279722,68.43776530800712,False
87,21.0,106,ok,,100,100.0,0.5,0.5002415319874306,0.00024153198743059878,0.00024153198743059878,True,1464,36600.00002699357,8887.157553754032,0.2428185122185654,1206109.0013681229,562791.3772170738,-643317.6241510492,0.4045423031025714,0.5961355870559786,0.4045423031025714,0.5961355870559786,153.49896002384855,216.72474372847293,43.43151879474428,61.63288077031797,72.84555371929532,73.08126583453021,100.00000007375293,0.6677677570042868,0.3636422823146458,106.0,106,122,0,0,0,0,True,4695.273854747008,8154.9493266658565,457.3989326279722,72.54403122648753,True
88,21.0,120,ok,,100,100.0,0.5,0.5002415319874306,0.00024153198743059878,0.00024153198743059878,True,1464,36600.00002699357,8887.157553754032,0.2428185122185654,1206109.0013681229,562791.3772170738,-643317.6241510492,0.4045423031025714,0.5961355870559786,0.4045423031025714,0.5961355870559786,153.49896002384855,216.72474372847293,43.43151879474428,61.63288077031797,72.84555371929532,73.08126583453021,100.00000007375293,0.6677677570042868,0.3636422823146458,106.0,106,122,0,0,0,0,True,4695.273854747008,8154.9493266658565,457.3989326279722,82.12531836960854,True
89,21.0,135,ok,,100,100.0,0.5,0.5002415319874306,0.00024153198743059878,0.00024153198743059878,True,1464,36600.00002699357,8887.157553754032,0.2428185122185654,1206109.0013681229,562791.3772170738,-643317.6241510492,0.4045423031025714,0.5961355870559786,0.4045423031025714,0.5961355870559786,153.49896002384855,216.72474372847293,43.43151879474428,61.63288077031797,72.84555371929532,73.08126583453021,100.00000007375293,0.6677677570042868,0.3636422823146458,106.0,106,122,0,0,0,0,True,4695.273854747008,8154.9493266658565,457.3989326279722,92.3909831658096,True
90,21.0,150,ok,,100,100.0,0.5,0.5002415319874306,0.00024153198743059878,0.00024153198743059878,True,1464,36600.00002699357,8887.157553754032,0.2428185122185654,1206109.0013681229,562791.3772170738,-643317.6241510492,0.4045423031025714,0.5961355870559786,0.4045423031025714,0.5961355870559786,153.49896002384855,216.72474372847293,43.43151879474428,61.63288077031797,72.84555371929532,73.08126583453021,100.00000007375293,0.6677677570042868,0.3636422823146458,106.0,106,122,0,0,0,0,True,4695.273854747008,8154.9493266658565,457.3989326279722,102.65664796201068,True
91,24.0,50,ok,,100,100.0,0.5,0.9606285353353343,0.4606285353353343,0.4606285353353343,False,1464,20625.826806365352,4287.7318648686905,0.2078816963374021,682978.7776907828,271550.2230501357,-411428.554640647,0.4999999999999999,1.0,0.5,1.0,184.99999999999997,349.99999999999994,52.5,100.0,35.145343154661404,35.23880497615366,56.354718050178555,0.668090624902736,0.3719417884458653,50.0,50,122,0,192,0,145,False,5366.02726256801,9319.942087618123,457.3989326279722,34.21888265400356,False
92,24.0,60,ok,,100,100.0,0.5,0.9527542424024013,0.45275424240240125,0.45275424240240125,False,1464,24016.606700872188,5142.638214688816,0.21412842699805948,790876.6986586903,325694.2559947085,-465182.44266398175,0.4999999999999999,1.0,0.5,1.0,184.99999999999997,349.99999999999994,52.5,100.0,42.15277225154767,42.28656597138439,65.61914399145407,0.6706229330158507,0.3717509464956535,60.0,60,122,0,145,0,100,False,5366.02726256801,9319.942087618123,457.3989326279722,41.06265918480427,False
93,24.0,70,ok,,100,100.0,0.5,0.9448799494694683,0.4448799494694683,0.4448799494694683,False,1464,27515.35874281299,5995.507022757684,0.21789674191777383,905548.0119227644,379733.2970689731,-525814.7148537913,0.4999999999999999,1.0,0.5,1.0,184.99999999999997,349.99999999999994,52.5,100.0,49.14350018653838,49.33432696661513,75.17857580003549,0.664177193875937,0.37148838243019094,70.0,70,122,0,132,0,90,False,5366.02726256801,9319.942087618123,457.3989326279722,47.906435715604985,False
94,24.0,80,ok,,100,100.0,0.5,0.9370056565365349,0.4370056565365349,0.4370056565365349,False,1464,30866.486090443665,6843.693603091076,0.22171923240753663,1014042.7883140512,433541.7195191096,-580501.0687949414,0.4778762217409507,1.0,0.4778762217409508,1.0,177.6991531745137,349.99999999999994,50.39824106539032,100.0,56.095849205664564,56.38208796184586,84.33466144929963,0.6679783952152095,0.37103760778007167,80.0,80,122,0,70,0,40,False,5366.02726256801,9319.942087618123,457.3989326279722,54.750212246405695,False
95,24.0,90,ok,,100,100.0,0.5,0.9291313636036019,0.42913136360360193,0.42913136360360193,False,1464,34287.10762235759,7679.185188239622,0.22396713285993997,1133910.673738527,486531.37538998394,-647379.2983485432,0.45426627852539914,1.0,0.4542662785253992,1.0,169.9078719133817,349.99999999999994,48.155296459912925,100.0,62.94414088721002,63.42984895707659,93.6806219190098,0.6690278968619157,0.37007520820597894,90.0,90,122,0,27,0,4,False,5366.02726256801,9319.942087618123,457.3989326279722,61.5939887772064,False
96,24.0,100,ok,,100,100.0,0.5,0.7759712104101386,0.2759712104101386,0.2759712104101386,False,1464,36600.000088876805,8457.840655113794,0.23108854192828915,1206109.0026705381,535582.7107358035,-670526.2919347347,0.4306564990894465,0.8547141397394699,0.43065649908944653,0.8547141397394696,162.1166446995173,302.0556661140249,45.91236741349743,86.19784327524964,69.32656274683438,70.00665930141288,100.00000024283283,0.666136378643498,0.366840147518123,100.0,100,122,0,0,0,0,True,5366.02726256801,9319.942087618123,457.3989326279722,68.43776530800712,False
97,24.0,106,ok,,100,100.0,0.5,0.5004469757586016,0.00044697575860164207,0.00044697575860164207,True,1464,36600.00012484746,8882.90341148531,0.24270227817444118,1206109.0040172513,562504.8423341308,-643604.1616831205,0.4164907233848612,0.5841890323479888,0.4164907233848613,0.584189032347989,157.44193871700415,212.78238067483622,44.56661872156183,60.49795807305897,72.81068370069926,73.0189706841596,100.00000034111328,0.6677986582065455,0.36346821248472194,106.0,106,122,0,0,0,0,True,5366.02726256801,9319.942087618123,457.3989326279722,72.54403122648753,True
98,24.0,120,ok,,100,100.0,0.5,0.5004469757586016,0.00044697575860164207,0.00044697575860164207,True,1464,36600.00012484746,8882.90341148531,0.24270227817444118,1206109.0040172513,562504.8423341308,-643604.1616831205,0.4164907233848612,0.5841890323479888,0.4164907233848613,0.584189032347989,157.44193871700415,212.78238067483622,44.56661872156183,60.49795807305897,72.81068370069926,73.0189706841596,100.00000034111328,0.6677986582065455,0.36346821248472194,106.0,106,122,0,0,0,0,True,5366.02726256801,9319.942087618123,457.3989326279722,82.12531836960854,True
99,24.0,135,ok,,100,100.0,0.5,0.5004469757586016,0.00044697575860164207,0.00044697575860164207,True,1464,36600.00012484746,8882.90341148531,0.24270227817444118,1206109.0040172513,562504.8423341308,-643604.1616831205,0.4164907233848612,0.5841890323479888,0.4164907233848613,0.584189032347989,157.44193871700415,212.78238067483622,44.56661872156183,60.49795807305897,72.81068370069926,73.0189706841596,100.00000034111328,0.6677986582065455,0.36346821248472194,106.0,106,122,0,0,0,0,True,5366.02726256801,9319.942087618123,457.3989326279722,92.3909831658096,True
100,24.0,150,ok,,100,100.0,0.5,0.5004469757586016,0.00044697575860164207,0.00044697575860164207,True,1464,36600.00012484746,8882.90341148531,0.24270227817444118,1206109.0040172513,562504.8423341308,-643604.1616831205,0.4164907233848612,0.5841890323479888,0.4164907233848613,0.584189032347989,157.44193871700415,212.78238067483622,44.56661872156183,60.49795807305897,72.81068370069926,73.0189706841596,100.00000034111328,0.6677986582065455,0.36346821248472194,106.0,106,122,0,0,0,0,True,5366.02726256801,9319.942087618123,457.3989326279722,102.65664796201068,True
