"TOA5,""CPLANO_CYT"",""CR1000"",""33504"",""CR1000.Std.32.05"",""CPU:test_colector.CR1"",""14282"",""Table1"""
"TIMESTAMP,""RECORD"",""POA"",""T_in"",""T_out"",""Q_in"",""T_amb"""
"TS,""RN"",""W/m^2"",""Deg C"",""Deg C"",""Counts/Hz"",""Deg C"""
","""",""Avg"",""Avg"",""Avg"",""Avg"",""Avg"""
2026-04-22 16:32:00,0,399,42.06,40.65,0,24.85
2026-04-22 16:33:00,1,396.5,41.58,40.08,0,24.97
2026-04-22 16:34:00,2,392.8,40.8,39.11,0,25.05
2026-04-22 16:35:00,3,389.5,40.14,38.23,0,24.86
2026-04-22 16:36:00,4,386.6,39.45,37.39,0,24.73
2026-04-22 16:37:00,5,372,38.8,36.6,0,24.69
2026-04-22 16:38:00,6,365,38.21,35.85,0,24.58
2026-04-22 16:39:00,7,370.5,37.6,35.15,0,24.59
2026-04-22 16:40:00,8,367.9,37.08,34.49,0,24.58
2026-04-22 16:41:00,9,364.5,36.57,33.85,0,24.54
2026-04-22 16:42:00,10,360,36.04,33.24,0,24.43
2026-04-22 16:43:00,11,355.4,35.55,32.69,0,24.31
2026-04-22 16:44:00,12,351.3,35.04,32.15,0,24.23
2026-04-22 16:45:00,13,346.9,34.52,31.61,0,24.2
2026-04-22 16:46:00,14,342.4,33.97,31.1,0,24.09
2026-04-22 16:47:00,15,338.8,33.38,30.6,0,24.09
2026-04-22 16:48:00,16,333.9,32.85,30.14,0,24.11
2026-04-22 16:49:00,17,328.4,32.3,29.67,0,24.03
2026-04-22 16:50:00,18,323.7,31.77,29.24,0,23.93
2026-04-22 16:51:00,19,319.6,31.3,28.83,0,23.92
2026-04-22 16:52:00,20,314.8,30.88,28.54,0.218,24
2026-04-22 16:53:00,21,310.2,24.26,25.81,16.03,24.09
2026-04-22 16:54:00,22,307.1,22.98,23.26,16.07,24.19
2026-04-22 16:55:00,23,297.6,22.86,23.08,16.1,24.17
2026-04-22 16:56:00,24,295.3,22.88,23.04,16.11,24.06
2026-04-22 16:57:00,25,290.5,22.91,23.06,16.12,23.92
2026-04-22 16:58:00,26,287.7,22.93,23.08,16.16,23.51
2026-04-22 16:59:00,27,283.9,22.97,23.13,16.12,23.25
2026-04-22 17:00:00,28,280.9,23.02,23.18,16.09,23.19
2026-04-22 17:01:00,29,276.5,23.08,23.25,16.11,23.26
2026-04-22 17:02:00,30,273,23.15,23.32,16.09,23.22
2026-04-22 17:03:00,31,268.9,23.22,23.38,16.14,23.06
2026-04-22 17:04:00,32,264.5,23.31,23.46,16.09,22.77
2026-04-22 17:05:00,33,261.4,23.39,23.54,16.15,22.58
2026-04-22 17:06:00,34,258,23.44,23.57,16.07,22.53
2026-04-22 17:07:00,35,253.6,23.5,23.63,16.12,22.59
2026-04-22 17:08:00,36,248.7,23.56,23.69,16.08,22.7
2026-04-22 17:09:00,37,243.4,23.62,23.74,16.11,22.7
2026-04-22 17:10:00,38,238.6,23.68,23.79,16.11,22.64
2026-04-22 17:11:00,39,234.3,23.75,23.86,16.1,22.66
2026-04-22 17:12:00,40,230.7,23.81,23.91,16.15,22.69
2026-04-22 17:13:00,41,226,23.86,23.95,16.1,22.62
2026-04-22 17:14:00,42,220.1,23.92,24.01,16.16,22.58
2026-04-22 17:15:00,43,215.6,23.97,24.05,16.08,22.57
2026-04-22 17:16:00,44,212.1,24.03,24.1,16.11,22.56
2026-04-22 17:17:00,45,207.7,24.09,24.15,16.08,22.53
2026-04-22 17:18:00,46,202.6,24.14,24.2,16.06,22.48
2026-04-22 17:19:00,47,198.1,24.19,24.24,16.1,22.4
2026-04-22 17:20:00,48,192.9,24.25,24.29,16.05,22.36
2026-04-22 17:21:00,49,187.3,24.3,24.33,16.08,22.32
2026-04-22 17:22:00,50,183,24.34,24.37,16.11,22.3
2026-04-22 17:23:00,51,177.5,24.39,24.41,16.01,22.27
2026-04-22 17:24:00,52,171.2,24.44,24.45,16.07,22.2
2026-04-22 17:25:00,53,165.7,24.49,24.49,16.04,22.16
2026-04-22 17:26:00,54,162.3,24.54,24.54,16.03,22.06
2026-04-22 17:27:00,55,158.6,24.59,24.57,16.05,21.95
2026-04-22 17:28:00,56,154.2,24.64,24.62,16.1,21.88
2026-04-22 17:29:00,57,149.8,24.69,24.66,16.05,21.85
2026-04-22 17:30:00,58,145.8,24.74,24.7,16.08,21.81
2026-04-22 17:31:00,59,141.9,24.77,24.73,16.13,21.76
2026-04-22 17:32:00,60,137,24.82,24.76,16.13,21.65
2026-04-22 17:33:00,61,133.4,24.86,24.8,16.03,21.53
2026-04-22 17:34:00,62,130.4,24.9,24.83,16.1,21.4
2026-04-22 17:35:00,63,126.9,24.94,24.86,16.12,21.32
2026-04-22 17:36:00,64,121.5,24.96,24.88,16.13,21.32
2026-04-22 17:37:00,65,115.5,25,24.91,16.03,21.32
2026-04-22 17:38:00,66,110.3,25.03,24.94,16.08,21.31
2026-04-22 17:39:00,67,105.4,25.07,24.97,16.1,21.29
2026-04-22 17:40:00,68,101.3,25.1,25,16.12,21.29
2026-04-22 17:41:00,69,97.2,25.14,25.03,16.05,21.26
2026-04-22 17:42:00,70,93.2,25.18,25.06,16.11,21.19
2026-04-22 17:43:00,71,88.7,25.2,25.09,16.16,21.11
2026-04-22 17:44:00,72,84.5,25.23,25.12,16.17,21.03
2026-04-22 17:45:00,73,79.16,25.26,25.13,16.11,20.93
2026-04-22 17:46:00,74,60.28,25.29,25.16,16.09,20.85
2026-04-22 17:47:00,75,45.18,25.32,25.18,16.15,20.79
2026-04-22 17:48:00,76,35.09,25.36,25.21,16.18,20.74
2026-04-22 17:49:00,77,22.78,25.39,25.24,16.2,20.7
2026-04-22 17:50:00,78,18.51,25.42,25.27,16.16,20.65
2026-04-22 17:51:00,79,16.96,25.45,25.29,16.09,20.62
2026-04-22 17:52:00,80,15.79,25.47,25.32,16.15,20.58
2026-04-22 17:53:00,81,14.9,25.5,25.34,16.17,20.52
2026-04-22 17:54:00,82,13.99,25.53,25.36,16.17,20.46
2026-04-22 17:55:00,83,12.98,25.56,25.39,16.09,20.41
2026-04-22 17:56:00,84,12.02,25.59,25.42,16.06,20.35
2026-04-22 17:57:00,85,11.15,25.61,25.44,16.11,20.29
2026-04-22 17:58:00,86,10.27,25.64,25.47,16.14,20.24
2026-04-22 17:59:00,87,9.26,25.66,25.49,16.15,20.18
2026-04-22 18:00:00,88,8.21,25.66,25.49,16.09,20.13
2026-04-22 18:01:00,89,7.236,25.69,25.51,16.04,20.06
2026-04-22 18:02:00,90,6.261,25.71,25.53,16.14,19.98
2026-04-22 18:03:00,91,5.441,25.74,25.56,16.16,19.89
2026-04-22 18:04:00,92,4.746,25.76,25.58,16.14,19.78
2026-04-22 18:05:00,93,4.385,25.79,25.6,16.03,19.68
2026-04-22 18:06:00,94,3.708,25.82,25.63,16.09,19.57
2026-04-22 18:07:00,95,3.038,25.84,25.65,16.11,19.48
2026-04-22 18:08:00,96,2.392,25.87,25.67,16.11,19.4
2026-04-22 18:09:00,97,1.777,25.89,25.69,16.02,19.31
2026-04-22 18:10:00,98,1.28,25.91,25.71,16.04,19.23
2026-04-22 18:11:00,99,0.745,25.93,25.73,16.09,19.17
2026-04-22 18:12:00,100,0.13,25.96,25.75,16.1,19.1
2026-04-22 18:13:00,101,0,25.98,25.77,16.1,19.05
2026-04-22 18:14:00,102,0,26,25.79,16.05,18.99
2026-04-22 18:15:00,103,0,26.02,25.81,16.03,18.93
2026-04-22 18:16:00,104,0,26.03,25.83,16.1,18.91
2026-04-22 18:17:00,105,0,26.05,25.84,16.11,18.91
2026-04-22 18:18:00,106,0,26.06,25.86,16.12,18.86
2026-04-22 18:19:00,107,0,26.09,25.89,16.11,18.8
2026-04-22 18:20:00,108,0,26.11,25.91,16,18.75
2026-04-22 18:21:00,109,0,26.12,25.93,16.07,18.7
2026-04-22 18:22:00,110,0,26.14,25.95,16.11,18.65
2026-04-22 18:23:00,111,0,26.16,25.96,16.13,18.61
2026-04-22 18:24:00,112,0,26.17,25.98,16.14,18.58
2026-04-22 18:25:00,113,0,26.2,26,16.11,18.55
2026-04-22 18:26:00,114,0,26.2,26.01,16.06,18.56
2026-04-22 18:27:00,115,0,26.21,26.02,16.11,18.5
2026-04-22 18:28:00,116,0,26.23,26.04,16.16,18.48
2026-04-22 18:29:00,117,0,26.24,26.05,16.17,18.45
2026-04-22 18:30:00,118,0,26.26,26.07,16.17,18.38
2026-04-22 18:31:00,119,0,26.27,26.09,16.13,18.32
2026-04-22 18:32:00,120,0,26.29,26.11,16.09,18.27
2026-04-22 18:33:00,121,0,26.31,26.13,16.16,18.2
2026-04-22 18:34:00,122,0,26.33,26.15,16.16,18.13
2026-04-22 18:35:00,123,0,26.35,26.17,16.19,18.08
2026-04-22 18:36:00,124,0,26.36,26.19,16.19,18.05
2026-04-22 18:37:00,125,0,26.37,26.2,16.17,18.02
2026-04-22 18:38:00,126,0,26.39,26.22,16.06,17.96
2026-04-22 18:39:00,127,0,26.42,26.24,16.1,17.88
2026-04-22 18:40:00,128,0,26.44,26.26,16.17,17.82
2026-04-22 18:41:00,129,0,26.45,26.28,16.18,17.79
2026-04-22 18:42:00,130,0,26.46,26.3,16.17,17.75
2026-04-22 18:43:00,131,0,26.48,26.32,16.17,17.74
2026-04-22 18:44:00,132,0,26.51,26.34,16.09,17.72
2026-04-22 18:45:00,133,0,26.52,26.35,16.11,17.68
2026-04-22 18:46:00,134,0,26.54,26.37,16.18,17.65
2026-04-22 18:47:00,135,0,26.56,26.39,16.19,17.61
2026-04-22 18:48:00,136,0,26.57,26.4,16.2,17.57
2026-04-22 18:49:00,137,0,26.59,26.42,16.19,17.56
2026-04-22 18:50:00,138,0,26.6,26.44,16.11,17.51
2026-04-22 18:51:00,139,0,26.62,26.46,16.1,17.47
2026-04-22 18:52:00,140,0,26.64,26.48,16.16,17.44
2026-04-22 18:53:00,141,0,26.65,26.49,16.18,17.4
2026-04-22 18:54:00,142,0,26.67,26.51,16.2,17.38
2026-04-22 18:55:00,143,0,26.69,26.53,16.15,17.36
2026-04-22 18:56:00,144,0,26.7,26.55,16.07,17.3
2026-04-22 18:57:00,145,0,26.72,26.56,16.15,17.26
2026-04-22 18:58:00,146,0,26.73,26.58,16.17,17.24
2026-04-22 18:59:00,147,0,26.75,26.6,16.18,17.2
2026-04-22 19:00:00,148,0,26.77,26.62,16.19,17.21
2026-04-22 19:01:00,149,0,26.77,26.62,16.18,17.24
2026-04-22 19:02:00,150,0,26.77,26.62,16.07,17.27
2026-04-22 19:03:00,151,0,26.79,26.63,16.13,17.24
2026-04-22 19:04:00,152,0,26.81,26.66,16.16,17.19
2026-04-22 19:05:00,153,0,26.82,26.68,16.18,17.15
2026-04-22 19:06:00,154,0,26.84,26.69,16.19,17.13
2026-04-22 19:07:00,155,0,26.85,26.71,16.19,17.07
2026-04-22 19:08:00,156,0,26.87,26.73,16.1,16.99
2026-04-22 19:09:00,157,0,26.89,26.74,16.11,16.91
2026-04-22 19:10:00,158,0,26.91,26.76,16.17,16.91
2026-04-22 19:11:00,159,0,26.92,26.78,16.18,16.87
2026-04-22 19:12:00,160,0,26.94,26.8,16.21,16.81
2026-04-22 19:13:00,161,0,26.96,26.82,16.21,16.75
2026-04-22 19:14:00,162,0,26.97,26.83,16.11,16.72
2026-04-22 19:15:00,163,0,26.99,26.85,16.09,16.67
2026-04-22 19:16:00,164,0,27.01,26.86,16.17,16.61
2026-04-22 19:17:00,165,0,27.02,26.88,16.18,16.55
2026-04-22 19:18:00,166,0,27.04,26.89,16.19,16.54
2026-04-22 19:19:00,167,0,27.06,26.91,16.2,16.53
2026-04-22 19:20:00,168,0,27.08,26.93,16.11,16.54
2026-04-22 19:21:00,169,0,27.09,26.95,16.07,16.53
2026-04-22 19:22:00,170,0,27.11,26.96,16.17,16.49
2026-04-22 19:23:00,171,0,27.12,26.98,16.19,16.53
2026-04-22 19:24:00,172,0,27.14,26.99,16.21,16.52
2026-04-22 19:25:00,173,0,27.15,27.01,16.19,16.45
2026-04-22 19:26:00,174,0,27.16,27.02,16.13,16.47
2026-04-22 19:27:00,175,0,27.18,27.04,16.12,16.45
2026-04-22 19:28:00,176,0,27.19,27.06,16.18,16.41
2026-04-22 19:29:00,177,0,27.21,27.07,16.21,16.41
2026-04-22 19:30:00,178,0,27.22,27.08,16.23,16.39
2026-04-22 19:31:00,179,0,27.24,27.1,16.18,16.36
2026-04-22 19:32:00,180,0,27.25,27.12,16.13,16.32
2026-04-22 19:33:00,181,0,27.27,27.13,16.21,16.31
2026-04-22 19:34:00,182,0,27.28,27.15,16.23,16.29
2026-04-22 19:35:00,183,0,27.3,27.16,16.23,16.29
2026-04-22 19:36:00,184,0,27.31,27.18,16.23,16.28
2026-04-22 19:37:00,185,0,27.33,27.2,16.11,16.21
2026-04-22 19:38:00,186,0,27.35,27.21,16.19,16.17
2026-04-22 19:39:00,187,0,27.34,27.2,16.23,16.12
2026-04-22 19:40:00,188,0,27.36,27.22,16.23,16.08
2026-04-22 19:41:00,189,0,27.37,27.23,16.19,16.05
2026-04-22 19:42:00,190,0,27.38,27.25,16.11,16.02
2026-04-22 19:43:00,191,0,27.4,27.26,16.2,16.05
2026-04-22 19:44:00,192,0,27.41,27.28,16.21,16.03
2026-04-22 19:45:00,193,0,27.42,27.29,16.21,16.01
2026-04-22 19:46:00,194,0,27.44,27.3,16.11,15.99
2026-04-22 19:47:00,195,0,27.45,27.32,16.17,16.02
2026-04-22 19:48:00,196,0,27.47,27.34,16.22,15.98
2026-04-22 19:49:00,197,0,27.48,27.35,16.24,15.92
2026-04-22 19:50:00,198,0,27.49,27.36,16.17,15.88
2026-04-22 19:51:00,199,0,27.51,27.38,16.11,15.83
2026-04-22 19:52:00,200,0,27.52,27.39,16.19,15.83
2026-04-22 19:53:00,201,0,27.54,27.41,16.21,15.84
2026-04-22 19:54:00,202,0,27.55,27.43,16.22,15.83
2026-04-22 19:55:00,203,0,27.57,27.44,16.13,15.81
2026-04-22 19:56:00,204,0,27.58,27.46,16.14,15.78
2026-04-22 19:57:00,205,0,27.59,27.47,16.2,15.8
2026-04-22 19:58:00,206,0,27.61,27.48,16.23,15.84
2026-04-22 19:59:00,207,0,27.62,27.5,16.19,15.87
2026-04-22 20:00:00,208,0,27.64,27.51,16.13,15.98
2026-04-22 20:01:00,209,0,27.65,27.52,16.19,16.07
2026-04-22 20:02:00,210,0,27.66,27.54,16.24,16.12
2026-04-22 20:03:00,211,0,27.67,27.55,16.22,16.13
2026-04-22 20:04:00,212,0,27.68,27.56,16.12,16.19
2026-04-22 20:05:00,213,0,27.7,27.58,16.19,16.26
2026-04-22 20:06:00,214,0,27.7,27.59,16.22,16.31
2026-04-22 20:07:00,215,0,27.73,27.61,16.23,16.31
2026-04-22 20:08:00,216,0,27.73,27.62,16.1,16.29
2026-04-22 20:09:00,217,0,27.75,27.64,16.19,16.31
2026-04-22 20:10:00,218,0,27.76,27.65,16.22,16.29
2026-04-22 20:11:00,219,0,27.77,27.66,16.21,16.26
2026-04-22 20:12:00,220,0,27.79,27.68,16.11,16.28
2026-04-22 20:13:00,221,0,27.8,27.68,16.18,16.26
2026-04-22 20:14:00,222,0,27.82,27.71,16.22,16.21
2026-04-22 20:15:00,223,0,27.82,27.71,16.19,16.13
2026-04-22 20:16:00,224,0,27.83,27.72,16.11,16.02
2026-04-22 20:17:00,225,0,27.86,27.75,16.19,15.9
2026-04-22 20:18:00,226,0,27.87,27.75,16.22,15.81
2026-04-22 20:19:00,227,0,27.88,27.77,16.18,15.75
2026-04-22 20:20:00,228,0,27.89,27.78,16.1,15.71
2026-04-22 20:21:00,229,0,27.91,27.8,16.19,15.73
2026-04-22 20:22:00,230,0,27.92,27.81,16.22,15.76
2026-04-22 20:23:00,231,0,27.93,27.82,16.17,15.75
2026-04-22 20:24:00,232,0,27.94,27.83,16.11,15.75
2026-04-22 20:25:00,233,0,27.96,27.84,16.18,15.73
2026-04-22 20:26:00,234,0,27.98,27.86,16.2,15.78
2026-04-22 20:27:00,235,0,27.99,27.87,16.19,15.91
2026-04-22 20:28:00,236,0,27.99,27.88,16.1,15.97
2026-04-22 20:29:00,237,0,28,27.89,16.18,16.09
2026-04-22 20:30:00,238,0,28.01,27.9,16.21,16.13
2026-04-22 20:31:00,239,0,28.02,27.92,16.19,16.09
2026-04-22 20:32:00,240,0,28.04,27.93,16.14,16.1
2026-04-22 20:33:00,241,0,28.05,27.94,16.23,16.05
2026-04-22 20:34:00,242,0,28.06,27.96,16.24,15.97
2026-04-22 20:35:00,243,0,28.07,27.96,16.19,15.89
2026-04-22 20:36:00,244,0,28.09,27.99,16.16,15.83
2026-04-22 20:37:00,245,0,28.1,27.99,16.24,15.83
2026-04-22 20:38:00,246,0,28.11,28,16.25,15.83
2026-04-22 20:39:00,247,0,28.12,28.01,16.14,15.8
2026-04-22 20:40:00,248,0,28.14,28.04,16.22,15.76
2026-04-22 20:41:00,249,0,28.15,28.04,16.24,15.7
2026-04-22 20:42:00,250,0,28.15,28.05,16.18,15.63
2026-04-22 20:43:00,251,0,28.16,28.06,16.14,15.63
2026-04-22 20:44:00,252,0,28.18,28.07,16.22,15.63
2026-04-22 20:45:00,253,0,28.18,28.08,16.23,15.61
2026-04-22 20:46:00,254,0,28.19,28.08,16.11,15.6
2026-04-22 20:47:00,255,0,28.2,28.1,16.2,15.59
2026-04-22 20:48:00,256,0,28.2,28.1,16.24,15.58
2026-04-22 20:49:00,257,0,28.21,28.11,16.18,15.57
2026-04-22 20:50:00,258,0,28.23,28.13,16.15,15.57
2026-04-22 20:51:00,259,0,28.25,28.14,16.22,15.58
2026-04-22 20:52:00,260,0,28.26,28.16,16.23,15.56
2026-04-22 20:53:00,261,0,28.26,28.16,16.11,15.53
2026-04-22 20:54:00,262,0,28.27,28.17,16.19,15.51
2026-04-22 20:55:00,263,0,28.28,28.18,16.22,15.5
2026-04-22 20:56:00,264,0,28.29,28.18,16.15,15.5
2026-04-22 20:57:00,265,0,28.3,28.2,16.17,15.5
2026-04-22 20:58:00,266,0,28.32,28.22,16.22,15.47
2026-04-22 20:59:00,267,0,28.32,28.22,16.18,15.44
2026-04-22 21:00:00,268,0,28.34,28.24,16.16,15.4
2026-04-22 21:01:00,269,0,28.35,28.24,16.2,15.36
2026-04-22 21:02:00,270,0,28.36,28.26,16.23,15.32
2026-04-22 21:03:00,271,0,28.38,28.28,16.13,15.26
2026-04-22 21:04:00,272,0,28.39,28.28,16.21,15.24
2026-04-22 21:05:00,273,0,28.4,28.29,16.24,15.22
2026-04-22 21:06:00,274,0,28.42,28.31,16.15,15.19
2026-04-22 21:07:00,275,0,28.42,28.32,16.19,15.18
2026-04-22 21:08:00,276,0,28.43,28.32,16.24,15.18
2026-04-22 21:09:00,277,0,28.46,28.35,16.2,15.15
2026-04-22 21:10:00,278,0,28.46,28.35,16.16,15.16
2026-04-22 21:11:00,279,0,28.47,28.36,16.22,15.16
2026-04-22 21:12:00,280,0,28.49,28.37,16.25,15.13
2026-04-22 21:13:00,281,0,28.49,28.38,16.15,15.14
2026-04-22 21:14:00,282,0,28.5,28.39,16.21,15.12
2026-04-22 21:15:00,283,0,28.52,28.41,16.25,15.11
2026-04-22 21:16:00,284,0,28.53,28.41,16.19,15.13
2026-04-22 21:17:00,285,0,28.54,28.43,16.16,15.11
2026-04-22 21:18:00,286,0,28.54,28.43,16.23,15.09
2026-04-22 21:19:00,287,0,28.53,28.42,16.27,15.09
2026-04-22 21:20:00,288,0,28.54,28.42,16.18,15.12
2026-04-22 21:21:00,289,0,28.56,28.45,16.19,15.11
2026-04-22 21:22:00,290,0,28.56,28.45,16.26,15.12
2026-04-22 21:23:00,291,0,28.57,28.46,16.27,15.12
2026-04-22 21:24:00,292,0,28.58,28.47,16.19,15.14
2026-04-22 21:25:00,293,0,28.59,28.48,16.19,15.18
2026-04-22 21:26:00,294,0,28.6,28.49,16.26,15.18
2026-04-22 21:27:00,295,0,28.61,28.5,16.28,15.14
2026-04-22 21:28:00,296,0,28.61,28.5,16.21,15.1
2026-04-22 21:29:00,297,0,28.65,28.54,16.17,15.04
2026-04-22 21:30:00,298,0,28.66,28.55,16.26,14.98
2026-04-22 21:31:00,299,0,28.64,28.54,16.23,14.99
2026-04-22 21:32:00,300,0,28.65,28.54,16.14,14.98
2026-04-22 21:33:00,301,0,28.65,28.55,16.2,14.98
2026-04-22 21:34:00,302,0,28.67,28.56,16.24,14.98
2026-04-22 21:35:00,303,0,28.68,28.57,16.19,14.97
2026-04-22 21:36:00,304,0,28.69,28.58,16.17,14.98
2026-04-22 21:37:00,305,0,28.69,28.59,16.23,14.99
2026-04-22 21:38:00,306,0,28.7,28.59,16.21,15.01
2026-04-22 21:39:00,307,0,28.72,28.61,16.17,15.05
2026-04-22 21:40:00,308,0,28.73,28.63,16.24,15.07
2026-04-22 21:41:00,309,0,28.75,28.64,16.19,15.06
2026-04-22 21:42:00,310,0,28.74,28.64,16.19,15.04
2026-04-22 21:43:00,311,0,28.78,28.68,16.26,15.03
2026-04-22 21:44:00,312,0,28.78,28.68,16.2,15.06
2026-04-22 21:45:00,313,0,28.8,28.69,16.2,15.11
2026-04-22 21:46:00,314,0,28.81,28.71,16.25,15.11
2026-04-22 21:47:00,315,0,28.81,28.71,16.21,15.13
2026-04-22 21:48:00,316,0,28.83,28.72,16.16,15.13
2026-04-22 21:49:00,317,0,28.83,28.72,16.23,15.12
2026-04-22 21:50:00,318,0,28.82,28.72,16.24,15.13
2026-04-22 21:51:00,319,0,28.84,28.74,16.13,15.14
2026-04-22 21:52:00,320,0,28.85,28.75,16.22,15.15
2026-04-22 21:53:00,321,0,28.86,28.75,16.2,15.13
2026-04-22 21:54:00,322,0,28.86,28.76,16.12,15.06
2026-04-22 21:55:00,323,0,28.88,28.77,16.2,14.97
2026-04-22 21:56:00,324,0,28.89,28.78,16.19,14.92
2026-04-22 21:57:00,325,0,28.9,28.79,16.1,14.89
2026-04-22 21:58:00,326,0,28.9,28.79,16.17,14.9
2026-04-22 21:59:00,327,0,28.93,28.81,16.18,14.93
2026-04-22 22:00:00,328,0,28.93,28.82,16.09,14.97
2026-04-22 22:01:00,329,0,28.94,28.83,16.17,14.97
2026-04-22 22:02:00,330,0,28.94,28.83,16.2,14.96
2026-04-22 22:03:00,331,0,28.96,28.85,16.14,14.97
2026-04-22 22:04:00,332,0,28.96,28.84,16.14,15
2026-04-22 22:05:00,333,0,28.97,28.85,16.21,14.99
2026-04-22 22:06:00,334,0,28.97,28.86,16.15,14.96
2026-04-22 22:07:00,335,0,28.99,28.88,16.13,14.96
2026-04-22 22:08:00,336,0,29,28.88,16.19,14.95
2026-04-22 22:09:00,337,0,29.03,28.91,16.19,14.9
2026-04-22 22:10:00,338,0,29.03,28.91,16.1,14.84
2026-04-22 22:11:00,339,0,29.05,28.93,16.17,14.78
2026-04-22 22:12:00,340,0,29.03,28.91,16.2,14.76
2026-04-22 22:13:00,341,0,29.03,28.92,16.09,14.73
2026-04-22 22:14:00,342,0,29.06,28.94,16.18,14.74
2026-04-22 22:15:00,343,0,29.08,28.96,16.2,14.78
2026-04-22 22:16:00,344,0,29.07,28.96,16.1,14.8
2026-04-22 22:17:00,345,0,29.09,28.97,16.19,14.77
2026-04-22 22:18:00,346,0,29.07,28.95,16.17,14.74
2026-04-22 22:19:00,347,0,29.09,28.97,16.11,14.71
2026-04-22 22:20:00,348,0,29.11,28.99,16.18,14.65
2026-04-22 22:21:00,349,0,29.1,28.98,16.19,14.59
2026-04-22 22:22:00,350,0,29.1,28.98,16.16,14.53
2026-04-22 22:23:00,351,0,29.12,29,16.24,14.5
2026-04-22 22:24:00,352,0,29.13,29.01,16.19,14.49
2026-04-22 22:25:00,353,0,29.14,29.02,16.19,14.5
2026-04-22 22:26:00,354,0,29.13,29.01,16.25,14.51
2026-04-22 22:27:00,355,0,29.15,29.03,16.15,14.5
2026-04-22 22:28:00,356,0,29.17,29.05,16.2,14.5
2026-04-22 22:29:00,357,0,29.17,29.06,16.23,14.49
2026-04-22 22:30:00,358,0,29.17,29.05,16.14,14.46
2026-04-22 22:31:00,359,0,29.18,29.07,16.22,14.39
2026-04-22 22:32:00,360,0,29.19,29.08,16.2,14.31
2026-04-22 22:33:00,361,0,29.18,29.06,16.17,14.25
2026-04-22 22:34:00,362,0,29.19,29.07,16.25,14.19
2026-04-22 22:35:00,363,0,29.2,29.08,16.21,14.16
2026-04-22 22:36:00,364,0,29.19,29.07,16.18,14.13
2026-04-22 22:37:00,365,0,29.2,29.08,16.24,14.1
2026-04-22 22:38:00,366,0,29.21,29.09,16.15,14.07
2026-04-22 22:39:00,367,0,29.22,29.1,16.18,14.07
2026-04-22 22:40:00,368,0,29.22,29.1,16.17,14.09
2026-04-22 22:41:00,369,0,29.22,29.1,16.16,14.15
2026-04-22 22:42:00,370,0,29.23,29.11,16.2,14.17
2026-04-22 22:43:00,371,0,29.22,29.1,16.14,14.14
2026-04-22 22:44:00,372,0,29.23,29.11,16.22,14.17
2026-04-22 22:45:00,373,0,29.24,29.12,16.18,14.2
2026-04-22 22:46:00,374,0,29.25,29.14,16.19,14.2
2026-04-22 22:47:00,375,0,29.25,29.14,16.22,14.2
2026-04-22 22:48:00,376,0,29.26,29.14,16.16,14.16
2026-04-22 22:49:00,377,0,29.27,29.15,16.25,14.14
2026-04-22 22:50:00,378,0,29.26,29.15,16.19,14.12
2026-04-22 22:51:00,379,0,29.27,29.16,16.22,14.16
2026-04-22 22:52:00,380,0,29.28,29.17,16.21,14.16
2026-04-22 22:53:00,381,0,29.27,29.16,16.19,14.15
2026-04-22 22:54:00,382,0,29.28,29.16,16.22,14.14
2026-04-22 22:55:00,383,0,29.29,29.18,16.18,14.13
2026-04-22 22:56:00,384,0,29.28,29.17,16.24,14.14
2026-04-22 22:57:00,385,0,29.29,29.17,16.16,14.14
2026-04-22 22:58:00,386,0,29.3,29.18,16.24,14.13
2026-04-22 22:59:00,387,0,29.31,29.19,16.16,14.13
2026-04-22 23:00:00,388,0,29.32,29.2,16.22,14.09
2026-04-22 23:01:00,389,0,29.31,29.19,16.15,14.07
2026-04-22 23:02:00,390,0,29.32,29.21,16.22,14.05
2026-04-22 23:03:00,391,0,29.33,29.22,16.18,14.05
2026-04-22 23:04:00,392,0,29.33,29.21,16.23,14.03
2026-04-22 23:05:00,393,0,29.34,29.22,16.17,14.03
2026-04-22 23:06:00,394,0,29.35,29.23,16.21,14.09
2026-04-22 23:07:00,395,0,29.35,29.23,16.15,14.15
2026-04-22 23:08:00,396,0,29.34,29.23,16.24,14.15
2026-04-22 23:09:00,397,0,29.35,29.23,16.15,14.14
2026-04-22 23:10:00,398,0,29.36,29.24,16.25,14.12
2026-04-22 23:11:00,399,0,29.36,29.25,16.18,14.08
2026-04-22 23:12:00,400,0,29.35,29.24,16.23,14.05
2026-04-22 23:13:00,401,0,29.36,29.25,16.19,14.03
2026-04-22 23:14:00,402,0,29.38,29.26,16.16,14.01
2026-04-22 23:15:00,403,0,29.38,29.27,16.21,13.97
2026-04-22 23:16:00,404,0,29.4,29.28,16.12,13.92
2026-04-22 23:17:00,405,0,29.38,29.26,16.16,13.88
2026-04-22 23:18:00,406,0,29.38,29.26,16.18,13.88
2026-04-22 23:19:00,407,0,29.38,29.26,16.12,13.89
2026-04-22 23:20:00,408,0,29.39,29.27,16.22,13.92
2026-04-22 23:21:00,409,0,29.41,29.28,16.16,13.97
2026-04-22 23:22:00,410,0,29.4,29.28,16.19,14
2026-04-22 23:23:00,411,0,29.4,29.28,16.19,14.03
2026-04-22 23:24:00,412,0,29.4,29.28,16.16,14.05
2026-04-22 23:25:00,413,0,29.41,29.29,16.23,14.04
2026-04-22 23:26:00,414,0,29.42,29.3,16.13,14.05
2026-04-22 23:27:00,415,0,29.44,29.31,16.23,14.06
2026-04-22 23:28:00,416,0,29.43,29.31,16.18,14.05
2026-04-22 23:29:00,417,0,29.44,29.31,16.19,14.03
2026-04-22 23:30:00,418,0,29.43,29.31,16.24,14.03
2026-04-22 23:31:00,419,0,29.46,29.33,16.15,14.04
2026-04-22 23:32:00,420,0,29.46,29.33,16.23,14.03
2026-04-22 23:33:00,421,0,29.46,29.34,16.25,14.03
2026-04-22 23:34:00,422,0,29.46,29.34,16.16,14.03
2026-04-22 23:35:00,423,0,29.48,29.35,16.25,14.05
2026-04-22 23:36:00,424,0,29.48,29.36,16.22,14.08
2026-04-22 23:37:00,425,0,29.49,29.36,16.22,14.09
2026-04-22 23:38:00,426,0,29.49,29.36,16.3,14.09
2026-04-22 23:39:00,427,0,29.5,29.37,16.17,14.07
2026-04-22 23:40:00,428,0,29.51,29.38,16.25,14.03
2026-04-22 23:41:00,429,0,29.51,29.38,16.21,13.99
2026-04-22 23:42:00,430,0,29.51,29.38,16.19,13.95
2026-04-22 23:43:00,431,0,29.52,29.39,16.25,13.91
2026-04-22 23:44:00,432,0,29.53,29.4,16.16,13.86
2026-04-22 23:45:00,433,0,29.53,29.4,16.26,13.84
2026-04-22 23:46:00,434,0,29.53,29.4,16.27,13.84
2026-04-22 23:47:00,435,0,29.54,29.41,16.17,13.88
2026-04-22 23:48:00,436,0,29.54,29.41,16.26,13.9
2026-04-22 23:49:00,437,0,29.54,29.42,16.17,13.84
2026-04-22 23:50:00,438,0,29.54,29.42,16.24,13.75
2026-04-22 23:51:00,439,0,29.55,29.43,16.23,13.69
2026-04-22 23:52:00,440,0,29.57,29.44,16.2,13.65
2026-04-22 23:53:00,441,0,29.57,29.44,16.28,13.66
2026-04-22 23:54:00,442,0,29.57,29.44,16.21,13.7
2026-04-22 23:55:00,443,0,29.58,29.44,16.21,13.75
2026-04-22 23:56:00,444,0,29.58,29.45,16.26,13.76
2026-04-22 23:57:00,445,0,29.58,29.45,16.18,13.75
2026-04-22 23:58:00,446,0,29.58,29.45,16.27,13.72
2026-04-22 23:59:00,447,0,29.59,29.46,16.19,13.68
2026-04-23 00:00:00,448,0,29.6,29.48,16.26,13.65
2026-04-23 00:01:00,449,0,29.6,29.47,16.24,13.63
2026-04-23 00:02:00,450,0,29.6,29.47,16.23,13.6
2026-04-23 00:03:00,451,0,29.62,29.49,16.25,13.58
2026-04-23 00:04:00,452,0,29.62,29.49,16.17,13.56
2026-04-23 00:05:00,453,0,29.62,29.49,16.25,13.54
2026-04-23 00:06:00,454,0,29.63,29.49,16.19,13.51
2026-04-23 00:07:00,455,0,29.64,29.51,16.23,13.48
2026-04-23 00:08:00,456,0,29.64,29.51,16.23,13.44
2026-04-23 00:09:00,457,0,29.64,29.51,16.22,13.4
2026-04-23 00:10:00,458,0,29.66,29.53,16.29,13.36
2026-04-23 00:11:00,459,0,29.66,29.52,16.21,13.32
2026-04-23 00:12:00,460,0,29.67,29.53,16.29,13.26
2026-04-23 00:13:00,461,0,29.67,29.54,16.2,13.17
2026-04-23 00:14:00,462,0,29.67,29.54,16.27,13.04
2026-04-23 00:15:00,463,0,29.68,29.54,16.23,12.93
2026-04-23 00:16:00,464,0,29.69,29.54,16.22,12.86
2026-04-23 00:17:00,465,0,29.69,29.55,16.26,12.76
2026-04-23 00:18:00,466,0,29.69,29.56,16.19,12.67
2026-04-23 00:19:00,467,0,29.7,29.56,16.27,12.58
2026-04-23 00:20:00,468,0,29.71,29.57,16.23,12.53
2026-04-23 00:21:00,469,0,29.71,29.57,16.22,12.5
2026-04-23 00:22:00,470,0,29.72,29.57,16.26,12.45
2026-04-23 00:23:00,471,0,29.72,29.58,16.21,12.35
2026-04-23 00:24:00,472,0,29.73,29.58,16.29,12.34
2026-04-23 00:25:00,473,0,29.73,29.58,16.2,12.43
2026-04-23 00:26:00,474,0,29.73,29.58,16.27,12.54
2026-04-23 00:27:00,475,0,29.74,29.59,16.26,12.64
2026-04-23 00:28:00,476,0,29.73,29.59,16.25,12.71
2026-04-23 00:29:00,477,0,29.73,29.59,16.28,12.74
2026-04-23 00:30:00,478,0,29.73,29.58,16.2,12.74
2026-04-23 00:31:00,479,0,29.74,29.59,16.27,12.72
2026-04-23 00:32:00,480,0,29.74,29.59,16.2,12.71
2026-04-23 00:33:00,481,0,29.74,29.59,16.24,12.71
2026-04-23 00:34:00,482,0,29.74,29.59,16.21,12.7
2026-04-23 00:35:00,483,0,29.75,29.6,16.21,12.67
2026-04-23 00:36:00,484,0,29.74,29.6,16.23,12.64
2026-04-23 00:37:00,485,0,29.75,29.6,16.18,12.61
2026-04-23 00:38:00,486,0,29.74,29.6,16.24,12.61
2026-04-23 00:39:00,487,0,29.75,29.6,16.16,12.64
2026-04-23 00:40:00,488,0,29.75,29.6,16.21,12.62
2026-04-23 00:41:00,489,0,29.75,29.6,16.13,12.58
2026-04-23 00:42:00,490,0,29.75,29.6,16.2,12.53
2026-04-23 00:43:00,491,0,29.74,29.6,16.11,12.45
2026-04-23 00:44:00,492,0,29.75,29.6,16.22,12.4
2026-04-23 00:45:00,493,0,29.75,29.6,16.17,12.42
2026-04-23 00:46:00,494,0,29.75,29.61,16.25,12.47
2026-04-23 00:47:00,495,0,29.76,29.61,16.18,12.47
2026-04-23 00:48:00,496,0,29.73,29.59,16.26,12.48
2026-04-23 00:49:00,497,0,29.73,29.58,16.18,12.5
2026-04-23 00:50:00,498,0,29.75,29.61,16.23,12.56
2026-04-23 00:51:00,499,0,29.74,29.6,16.22,12.62
2026-04-23 00:52:00,500,0,29.74,29.6,16.24,12.64
2026-04-23 00:53:00,501,0,29.75,29.61,16.23,12.67
2026-04-23 00:54:00,502,0,29.75,29.61,16.21,12.7
2026-04-23 00:55:00,503,0,29.74,29.6,16.25,12.7
2026-04-23 00:56:00,504,0,29.76,29.62,16.2,12.67
2026-04-23 00:57:00,505,0,29.76,29.62,16.27,12.65
2026-04-23 00:58:00,506,0,29.75,29.61,16.2,12.66
2026-04-23 00:59:00,507,0,29.76,29.62,16.22,12.68
2026-04-23 01:00:00,508,0,29.76,29.62,16.25,12.67
2026-04-23 01:01:00,509,0,29.76,29.62,16.23,12.69
2026-04-23 01:02:00,510,0,29.77,29.63,16.25,12.71
2026-04-23 01:03:00,511,0,29.78,29.63,16.2,12.67
2026-04-23 01:04:00,512,0,29.77,29.63,16.27,12.65
2026-04-23 01:05:00,513,0,29.78,29.63,16.22,12.66
2026-04-23 01:06:00,514,0,29.78,29.64,16.25,12.69
2026-04-23 01:07:00,515,0,29.78,29.65,16.24,12.68
2026-04-23 01:08:00,516,0,29.78,29.64,16.21,12.66
2026-04-23 01:09:00,517,0,29.79,29.65,16.25,12.62
2026-04-23 01:10:00,518,0,29.8,29.66,16.21,12.58
2026-04-23 01:11:00,519,0,29.8,29.66,16.23,12.54
2026-04-23 01:12:00,520,0,29.79,29.65,16.27,12.52
2026-04-23 01:13:00,521,0,29.8,29.67,16.21,12.53
2026-04-23 01:14:00,522,0,29.8,29.66,16.21,12.55
2026-04-23 01:15:00,523,0,29.8,29.66,16.23,12.56
2026-04-23 01:16:00,524,0,29.81,29.67,16.22,12.58
2026-04-23 01:17:00,525,0,29.81,29.68,16.2,12.58
2026-04-23 01:18:00,526,0,29.82,29.68,16.21,12.53
2026-04-23 01:19:00,527,0,29.81,29.67,16.24,12.46
2026-04-23 01:20:00,528,0,29.83,29.69,16.2,12.4
2026-04-23 01:21:00,529,0,29.82,29.68,16.19,12.36
2026-04-23 01:22:00,530,0,29.82,29.68,16.24,12.33
2026-04-23 01:23:00,531,0,29.82,29.69,16.22,12.29
2026-04-23 01:24:00,532,0,29.83,29.69,16.21,12.22
2026-04-23 01:25:00,533,0,29.82,29.69,16.23,12.16
2026-04-23 01:26:00,534,0,29.82,29.68,16.22,12.12
2026-04-23 01:27:00,535,0,29.82,29.69,16.21,12.1
2026-04-23 01:28:00,536,0,29.83,29.69,16.25,12.06
2026-04-23 01:29:00,537,0,29.82,29.68,16.25,12.01
2026-04-23 01:30:00,538,0,29.83,29.69,16.23,11.98
2026-04-23 01:31:00,539,0,29.82,29.68,16.24,11.95
2026-04-23 01:32:00,540,0,29.82,29.69,16.26,11.92
2026-04-23 01:33:00,541,0,29.83,29.7,16.22,11.9
2026-04-23 01:34:00,542,0,29.82,29.69,16.22,11.88
2026-04-23 01:35:00,543,0,29.83,29.69,16.25,11.86
2026-04-23 01:36:00,544,0,29.82,29.69,16.21,11.81
2026-04-23 01:37:00,545,0,29.83,29.7,16.2,11.78
2026-04-23 01:38:00,546,0,29.83,29.7,16.2,11.75
2026-04-23 01:39:00,547,0,29.84,29.7,16.22,11.74
2026-04-23 01:40:00,548,0,29.84,29.69,16.24,11.74
2026-04-23 01:41:00,549,0,29.85,29.71,16.22,11.82
2026-04-23 01:42:00,550,0,29.83,29.7,16.21,11.93
2026-04-23 01:43:00,551,0,29.83,29.69,16.23,11.96
2026-04-23 01:44:00,552,0,29.83,29.69,16.22,11.99
2026-04-23 01:45:00,553,0,29.83,29.69,16.19,12.05
2026-04-23 01:46:00,554,0,29.83,29.69,16.2,12.09
2026-04-23 01:47:00,555,0,29.82,29.68,16.22,12.09
2026-04-23 01:48:00,556,0,29.82,29.68,16.22,12.1
2026-04-23 01:49:00,557,0,29.82,29.69,16.19,12.09
2026-04-23 01:50:00,558,0,29.83,29.69,16.21,12.1
2026-04-23 01:51:00,559,0,29.81,29.67,16.21,12.12
2026-04-23 01:52:00,560,0,29.81,29.68,16.19,12.14
2026-04-23 01:53:00,561,0,29.82,29.68,16.18,12.12
2026-04-23 01:54:00,562,0,29.82,29.69,16.22,12.1
2026-04-23 01:55:00,563,0,29.83,29.69,16.21,12.11
2026-04-23 01:56:00,564,0,29.83,29.7,16.18,12.09
2026-04-23 01:57:00,565,0,29.83,29.7,16.2,12.06
2026-04-23 01:58:00,566,0,29.82,29.69,16.19,12
2026-04-23 01:59:00,567,0,29.83,29.7,16.17,11.95
2026-04-23 02:00:00,568,0,29.83,29.69,16.17,11.89
2026-04-23 02:01:00,569,0,29.82,29.68,16.18,11.84
2026-04-23 02:02:00,570,0,29.83,29.69,16.18,11.83
2026-04-23 02:03:00,571,0,29.83,29.69,16.18,11.83
2026-04-23 02:04:00,572,0,29.83,29.69,16.19,11.81
2026-04-23 02:05:00,573,0,29.83,29.69,16.21,11.78
2026-04-23 02:06:00,574,0,29.84,29.7,16.19,11.75
2026-04-23 02:07:00,575,0,29.84,29.71,16.18,11.72
2026-04-23 02:08:00,576,0,29.83,29.7,16.19,11.69
2026-04-23 02:09:00,577,0,29.83,29.7,16.21,11.64
2026-04-23 02:10:00,578,0,29.84,29.7,16.21,11.62
2026-04-23 02:11:00,579,0,29.84,29.7,16.19,11.64
2026-04-23 02:12:00,580,0,29.84,29.7,16.19,11.7
2026-04-23 02:13:00,581,0,29.83,29.69,16.2,11.75
2026-04-23 02:14:00,582,0,29.83,29.7,16.22,11.77
2026-04-23 02:15:00,583,0,29.85,29.7,16.21,11.76
2026-04-23 02:16:00,584,0,29.84,29.7,16.18,11.73
2026-04-23 02:17:00,585,0,29.84,29.7,16.2,11.72
2026-04-23 02:18:00,586,0,29.84,29.7,16.22,11.71
2026-04-23 02:19:00,587,0,29.84,29.7,16.2,11.65
2026-04-23 02:20:00,588,0,29.85,29.7,16.18,11.61
2026-04-23 02:21:00,589,0,29.84,29.7,16.2,11.62
2026-04-23 02:22:00,590,0,29.85,29.7,16.2,11.65
2026-04-23 02:23:00,591,0,29.85,29.71,16.19,11.7
2026-04-23 02:24:00,592,0,29.84,29.7,16.21,11.74
2026-04-23 02:25:00,593,0,29.85,29.71,16.22,11.7
2026-04-23 02:26:00,594,0,29.85,29.71,16.22,11.65
2026-04-23 02:27:00,595,0,29.84,29.7,16.21,11.65
2026-04-23 02:28:00,596,0,29.85,29.71,16.22,11.67
2026-04-23 02:29:00,597,0,29.85,29.71,16.24,11.67
2026-04-23 02:30:00,598,0,29.85,29.71,16.25,11.66
2026-04-23 02:31:00,599,0,29.84,29.7,16.23,11.64
2026-04-23 02:32:00,600,0,29.85,29.71,16.22,11.59
2026-04-23 02:33:00,601,0,29.84,29.7,16.25,11.55
2026-04-23 02:34:00,602,0,29.84,29.7,16.23,11.49
2026-04-23 02:35:00,603,0,29.83,29.69,16.21,11.46
2026-04-23 02:36:00,604,0,29.84,29.7,16.2,11.45
2026-04-23 02:37:00,605,0,29.85,29.71,16.21,11.41
2026-04-23 02:38:00,606,0,29.83,29.69,16.21,11.35
2026-04-23 02:39:00,607,0,29.84,29.7,16.19,11.31
2026-04-23 02:40:00,608,0,29.82,29.68,16.2,11.29
2026-04-23 02:41:00,609,0,29.83,29.69,16.23,11.25
2026-04-23 02:42:00,610,0,29.83,29.69,16.22,11.24
2026-04-23 02:43:00,611,0,29.82,29.68,16.23,11.26
2026-04-23 02:44:00,612,0,29.82,29.68,16.21,11.26
2026-04-23 02:45:00,613,0,29.82,29.68,16.22,11.26
2026-04-23 02:46:00,614,0,29.82,29.68,16.25,11.3
2026-04-23 02:47:00,615,0,29.8,29.66,16.24,11.32
2026-04-23 02:48:00,616,0,29.79,29.65,16.21,11.31
2026-04-23 02:49:00,617,0,29.79,29.65,16.19,11.28
2026-04-23 02:50:00,618,0,29.79,29.65,16.19,11.2
2026-04-23 02:51:00,619,0,29.79,29.66,16.21,11.13
2026-04-23 02:52:00,620,0,29.8,29.66,16.22,11.08
2026-04-23 02:53:00,621,0,29.8,29.66,16.23,11.06
2026-04-23 02:54:00,622,0,29.78,29.64,16.23,11.03
2026-04-23 02:55:00,623,0,29.78,29.64,16.23,10.99
2026-04-23 02:56:00,624,0,29.78,29.64,16.22,10.99
2026-04-23 02:57:00,625,0,29.77,29.63,16.22,10.98
2026-04-23 02:58:00,626,0,29.76,29.63,16.23,10.96
2026-04-23 02:59:00,627,0,29.76,29.63,16.23,10.96
2026-04-23 03:00:00,628,0,29.77,29.63,16.25,10.99
2026-04-23 03:01:00,629,0,29.76,29.63,16.26,11.01
2026-04-23 03:02:00,630,0,29.75,29.61,16.21,11.05
2026-04-23 03:03:00,631,0,29.75,29.61,16.22,11.09
2026-04-23 03:04:00,632,0,29.74,29.61,16.25,11.13
2026-04-23 03:05:00,633,0,29.75,29.61,16.23,11.19
2026-04-23 03:06:00,634,0,29.73,29.59,16.2,11.24
2026-04-23 03:07:00,635,0,29.72,29.59,16.22,11.27
2026-04-23 03:08:00,636,0,29.72,29.58,16.24,11.26
2026-04-23 03:09:00,637,0,29.72,29.59,16.2,11.23
2026-04-23 03:10:00,638,0,29.72,29.58,16.23,11.23
2026-04-23 03:11:00,639,0,29.72,29.58,16.26,11.23
2026-04-23 03:12:00,640,0,29.72,29.58,16.2,11.21
2026-04-23 03:13:00,641,0,29.72,29.58,16.23,11.22
2026-04-23 03:14:00,642,0,29.72,29.58,16.24,11.24
2026-04-23 03:15:00,643,0,29.71,29.57,16.21,11.27
2026-04-23 03:16:00,644,0,29.7,29.57,16.27,11.25
2026-04-23 03:17:00,645,0,29.7,29.57,16.24,11.22
2026-04-23 03:18:00,646,0,29.69,29.56,16.23,11.21
2026-04-23 03:19:00,647,0,29.69,29.56,16.28,11.25
2026-04-23 03:20:00,648,0,29.69,29.56,16.22,11.31
2026-04-23 03:21:00,649,0,29.69,29.56,16.25,11.32
2026-04-23 03:22:00,650,0,29.69,29.56,16.25,11.36
2026-04-23 03:23:00,651,0,29.69,29.56,16.22,11.41
2026-04-23 03:24:00,652,0,29.68,29.56,16.27,11.51
2026-04-23 03:25:00,653,0,29.68,29.55,16.22,11.55
2026-04-23 03:26:00,654,0,29.68,29.55,16.25,11.61
2026-04-23 03:27:00,655,0,29.68,29.55,16.26,11.68
2026-04-23 03:28:00,656,0,29.68,29.55,16.24,11.7
2026-04-23 03:29:00,657,0,29.68,29.55,16.29,11.66
2026-04-23 03:30:00,658,0,29.68,29.56,16.21,11.6
2026-04-23 03:31:00,659,0,29.69,29.57,16.28,11.57
2026-04-23 03:32:00,660,0,29.68,29.55,16.22,11.6
2026-04-23 03:33:00,661,0,29.68,29.55,16.25,11.65
2026-04-23 03:34:00,662,0,29.68,29.56,16.26,11.7
2026-04-23 03:35:00,663,0,29.68,29.56,16.24,11.71
2026-04-23 03:36:00,664,0,29.69,29.56,16.28,11.72
2026-04-23 03:37:00,665,0,29.69,29.56,16.22,11.74
2026-04-23 03:38:00,666,0,29.69,29.56,16.25,11.71
2026-04-23 03:39:00,667,0,29.67,29.55,16.24,11.69
2026-04-23 03:40:00,668,0,29.68,29.55,16.19,11.71
2026-04-23 03:41:00,669,0,29.67,29.55,16.23,11.74
2026-04-23 03:42:00,670,0,29.68,29.55,16.24,11.72
2026-04-23 03:43:00,671,0,29.67,29.54,16.2,11.73
2026-04-23 03:44:00,672,0,29.67,29.54,16.21,11.76
2026-04-23 03:45:00,673,0,29.67,29.54,16.21,11.75
2026-04-23 03:46:00,674,0,29.67,29.54,16.22,11.73
2026-04-23 03:47:00,675,0,29.67,29.54,16.21,11.7
2026-04-23 03:48:00,676,0,29.67,29.54,16.19,11.68
2026-04-23 03:49:00,677,0,29.67,29.55,16.21,11.67
2026-04-23 03:50:00,678,0,29.67,29.55,16.24,11.64
2026-04-23 03:51:00,679,0,29.68,29.55,16.24,11.58
2026-04-23 03:52:00,680,0,29.67,29.54,16.24,11.51
2026-04-23 03:53:00,681,0,29.67,29.54,16.23,11.41
2026-04-23 03:54:00,682,0,29.67,29.54,16.24,11.35
2026-04-23 03:55:00,683,0,29.67,29.53,16.22,11.33
2026-04-23 03:56:00,684,0,29.65,29.53,16.22,11.36
2026-04-23 03:57:00,685,0,29.65,29.53,16.24,11.35
2026-04-23 03:58:00,686,0,29.66,29.53,16.26,11.36
2026-04-23 03:59:00,687,0,29.65,29.53,16.25,11.36
2026-04-23 04:00:00,688,0,29.66,29.53,16.27,11.36
2026-04-23 04:01:00,689,0,29.65,29.52,16.23,11.32
2026-04-23 04:02:00,690,0,29.64,29.51,16.22,11.31
2026-04-23 04:03:00,691,0,29.63,29.5,16.22,11.36
2026-04-23 04:04:00,692,0,29.61,29.48,16.22,11.45
2026-04-23 04:05:00,693,0,29.6,29.47,16.23,11.52
2026-04-23 04:06:00,694,0,29.58,29.45,16.22,11.52
2026-04-23 04:07:00,695,0,29.57,29.45,16.23,11.49
2026-04-23 04:08:00,696,0,29.56,29.45,16.21,11.53
2026-04-23 04:09:00,697,0,29.55,29.43,16.22,11.54
2026-04-23 04:10:00,698,0,29.54,29.43,16.22,11.53
2026-04-23 04:11:00,699,0,29.54,29.43,16.25,11.49
2026-04-23 04:12:00,700,0,29.53,29.42,16.24,11.41
2026-04-23 04:13:00,701,0,29.54,29.42,16.23,11.36
2026-04-23 04:14:00,702,0,29.53,29.42,16.23,11.33
2026-04-23 04:15:00,703,0,29.53,29.42,16.23,11.28
2026-04-23 04:16:00,704,0,29.52,29.4,16.23,11.22
2026-04-23 04:17:00,705,0,29.51,29.39,16.23,11.19
2026-04-23 04:18:00,706,0,29.51,29.39,16.23,11.19
2026-04-23 04:19:00,707,0,29.52,29.4,16.22,11.17
2026-04-23 04:20:00,708,0,29.51,29.39,16.19,11.16
2026-04-23 04:21:00,709,0,29.51,29.39,16.19,11.13
2026-04-23 04:22:00,710,0,29.5,29.38,16.19,11.13
2026-04-23 04:23:00,711,0,29.5,29.38,16.19,11.12
2026-04-23 04:24:00,712,0,29.5,29.37,16.22,11.08
2026-04-23 04:25:00,713,0,29.5,29.37,16.23,11.02
2026-04-23 04:26:00,714,0,29.51,29.38,16.2,10.96
2026-04-23 04:27:00,715,0,29.5,29.37,16.19,10.89
2026-04-23 04:28:00,716,0,29.5,29.37,16.25,10.85
2026-04-23 04:29:00,717,0,29.51,29.38,16.21,10.86
2026-04-23 04:30:00,718,0,29.51,29.37,16.21,10.84
2026-04-23 04:31:00,719,0,29.51,29.37,16.25,10.81
2026-04-23 04:32:00,720,0,29.5,29.36,16.24,10.79
2026-04-23 04:33:00,721,0,29.51,29.37,16.23,10.79
2026-04-23 04:34:00,722,0,29.51,29.37,16.29,10.87
2026-04-23 04:35:00,723,0,29.5,29.36,16.22,10.9
2026-04-23 04:36:00,724,0,29.51,29.36,16.28,10.9
2026-04-23 04:37:00,725,0,29.5,29.36,16.22,10.91
2026-04-23 04:38:00,726,0,29.5,29.36,16.27,10.88
2026-04-23 04:39:00,727,0,29.5,29.37,16.26,10.83
2026-04-23 04:40:00,728,0,29.5,29.36,16.23,10.79
2026-04-23 04:41:00,729,0,29.5,29.35,16.25,10.71
2026-04-23 04:42:00,730,0,29.51,29.36,16.2,10.6
2026-04-23 04:43:00,731,0,29.5,29.36,16.23,10.47
2026-04-23 04:44:00,732,0,29.5,29.35,16.23,10.37
2026-04-23 04:45:00,733,0,29.5,29.35,16.2,10.26
2026-04-23 04:46:00,734,0,29.51,29.36,16.25,10.15
2026-04-23 04:47:00,735,0,29.5,29.35,16.23,10.04
2026-04-23 04:48:00,736,0,29.5,29.34,16.2,9.93
2026-04-23 04:49:00,737,0,29.5,29.34,16.22,9.86
2026-04-23 04:50:00,738,0,29.5,29.34,16.26,9.8
2026-04-23 04:51:00,739,0,29.49,29.33,16.21,9.73
2026-04-23 04:52:00,740,0,29.49,29.33,16.25,9.7
2026-04-23 04:53:00,741,0,29.49,29.33,16.24,9.66
2026-04-23 04:54:00,742,0,29.49,29.32,16.19,9.62
2026-04-23 04:55:00,743,0,29.49,29.32,16.23,9.55
2026-04-23 04:56:00,744,0,29.48,29.32,16.22,9.5
2026-04-23 04:57:00,745,0,29.48,29.32,16.2,9.5
2026-04-23 04:58:00,746,0,29.47,29.3,16.23,9.65
2026-04-23 04:59:00,747,0,29.45,29.29,16.17,9.76
2026-04-23 05:00:00,748,0,29.45,29.29,16.21,9.81
2026-04-23 05:01:00,749,0,29.44,29.28,16.21,9.91
2026-04-23 05:02:00,750,0,29.44,29.28,16.17,10.07
2026-04-23 05:03:00,751,0,29.44,29.28,16.19,10.2
2026-04-23 05:04:00,752,0,29.43,29.28,16.22,10.25
2026-04-23 05:05:00,753,0,29.43,29.27,16.19,10.3
2026-04-23 05:06:00,754,0,29.43,29.27,16.17,10.35
2026-04-23 05:07:00,755,0,29.42,29.26,16.22,10.3
2026-04-23 05:08:00,756,0,29.42,29.26,16.24,10.23
2026-04-23 05:09:00,757,0,29.41,29.25,16.2,10.17
2026-04-23 05:10:00,758,0,29.42,29.25,16.25,10.11
2026-04-23 05:11:00,759,0,29.42,29.26,16.19,10.04
2026-04-23 05:12:00,760,0,29.41,29.25,16.24,10.06
2026-04-23 05:13:00,761,0,29.41,29.25,16.18,10.15
2026-04-23 05:14:00,762,0,29.41,29.25,16.24,10.24
2026-04-23 05:15:00,763,0,29.41,29.25,16.18,10.33
2026-04-23 05:16:00,764,0,29.41,29.24,16.27,10.39
2026-04-23 05:17:00,765,0,29.41,29.25,16.18,10.4
2026-04-23 05:18:00,766,0,29.4,29.24,16.27,10.37
2026-04-23 05:19:00,767,0,29.39,29.24,16.18,10.39
2026-04-23 05:20:00,768,0,29.4,29.25,16.27,10.41
2026-04-23 05:21:00,769,0,29.4,29.25,16.19,10.44
2026-04-23 05:22:00,770,0,29.39,29.24,16.28,10.46
2026-04-23 05:23:00,771,0,29.4,29.25,16.18,10.51
2026-04-23 05:24:00,772,0,29.39,29.24,16.26,10.59
2026-04-23 05:25:00,773,0,29.39,29.24,16.18,10.67
2026-04-23 05:26:00,774,0,29.4,29.25,16.27,10.71
2026-04-23 05:27:00,775,0,29.38,29.23,16.18,10.68
2026-04-23 05:28:00,776,0,29.38,29.23,16.26,10.65
2026-04-23 05:29:00,777,0,29.37,29.22,16.22,10.62
2026-04-23 05:30:00,778,0,29.38,29.23,16.21,10.58
2026-04-23 05:31:00,779,0,29.38,29.23,16.25,10.54
2026-04-23 05:32:00,780,0,29.36,29.21,16.21,10.52
2026-04-23 05:33:00,781,0,29.36,29.22,16.22,10.52
2026-04-23 05:34:00,782,0,29.36,29.21,16.25,10.54
2026-04-23 05:35:00,783,0,29.35,29.2,16.21,10.55
2026-04-23 05:36:00,784,0,29.36,29.21,16.19,10.56
2026-04-23 05:37:00,785,0,29.36,29.21,16.22,10.57
2026-04-23 05:38:00,786,0,29.36,29.22,16.24,10.54
2026-04-23 05:39:00,787,0,29.36,29.22,16.22,10.42
2026-04-23 05:40:00,788,0,29.35,29.21,16.22,10.35
2026-04-23 05:41:00,789,0,29.34,29.2,16.25,10.34
2026-04-23 05:42:00,790,0,29.34,29.2,16.26,10.35
2026-04-23 05:43:00,791,0,29.34,29.2,16.23,10.35
2026-04-23 05:44:00,792,0,29.33,29.19,16.23,10.32
2026-04-23 05:45:00,793,0,29.31,29.17,16.24,10.33
2026-04-23 05:46:00,794,0,29.29,29.16,16.25,10.34
2026-04-23 05:47:00,795,0,29.29,29.15,16.26,10.35
2026-04-23 05:48:00,796,0,29.28,29.15,16.27,10.32
2026-04-23 05:49:00,797,0,29.26,29.13,16.24,10.33
2026-04-23 05:50:00,798,0,29.25,29.12,16.25,10.35
2026-04-23 05:51:00,799,0,29.23,29.1,16.26,10.39
2026-04-23 05:52:00,800,0,29.23,29.1,16.24,10.39
2026-04-23 05:53:00,801,0,29.21,29.08,16.25,10.35
2026-04-23 05:54:00,802,0,29.2,29.08,16.25,10.29
2026-04-23 05:55:00,803,0,29.2,29.08,16.25,10.25
2026-04-23 05:56:00,804,0,29.19,29.06,16.25,10.22
2026-04-23 05:57:00,805,0,29.18,29.05,16.25,10.19
2026-04-23 05:58:00,806,0,29.17,29.05,16.23,10.18
2026-04-23 05:59:00,807,0,29.17,29.04,16.24,10.19
2026-04-23 06:00:00,808,0,29.17,29.04,16.23,10.16
2026-04-23 06:01:00,809,0,29.15,29.03,16.24,10.17
2026-04-23 06:02:00,810,0,29.14,29.02,16.25,10.18
2026-04-23 06:03:00,811,0,29.14,29.02,16.23,10.19
2026-04-23 06:04:00,812,0,29.13,29.01,16.25,10.23
2026-04-23 06:05:00,813,0,29.13,29.01,16.25,10.29
2026-04-23 06:06:00,814,0,29.12,29,16.24,10.35
2026-04-23 06:07:00,815,0,29.1,28.98,16.25,10.39
2026-04-23 06:08:00,816,0,29.11,28.99,16.24,10.39
2026-04-23 06:09:00,817,0,29.1,28.98,16.25,10.36
2026-04-23 06:10:00,818,0,29.1,28.98,16.26,10.34
2026-04-23 06:11:00,819,0,29.11,28.99,16.27,10.32
2026-04-23 06:12:00,820,0,29.12,29,16.27,10.26
2026-04-23 06:13:00,821,0,29.12,29,16.25,10.19
2026-04-23 06:14:00,822,0,29.12,29,16.24,10.15
2026-04-23 06:15:00,823,0,29.12,29,16.26,10.1
2026-04-23 06:16:00,824,0,29.1,28.98,16.24,10.08
2026-04-23 06:17:00,825,0,29.09,28.97,16.25,10.12
2026-04-23 06:18:00,826,0,29.09,28.96,16.26,10.19
2026-04-23 06:19:00,827,0,29.08,28.95,16.25,10.23
2026-04-23 06:20:00,828,0,29.07,28.94,16.26,10.33
2026-04-23 06:21:00,829,0,29.06,28.93,16.24,10.41
2026-04-23 06:22:00,830,0,29.04,28.91,16.22,10.48
2026-04-23 06:23:00,831,0,29.04,28.91,16.25,10.52
2026-04-23 06:24:00,832,0,29.04,28.91,16.23,10.54
2026-04-23 06:25:00,833,0,29.03,28.91,16.26,10.56
2026-04-23 06:26:00,834,0,29.04,28.93,16.21,10.53
2026-04-23 06:27:00,835,0,29.04,28.92,16.22,10.5
2026-04-23 06:28:00,836,0,29.03,28.91,16.26,10.46
2026-04-23 06:29:00,837,0,29.02,28.9,16.21,10.4
2026-04-23 06:30:00,838,0,29.03,28.91,16.25,10.36
2026-04-23 06:31:00,839,0,29.02,28.9,16.22,10.31
2026-04-23 06:32:00,840,0,29.02,28.9,16.21,10.26
2026-04-23 06:33:00,841,0,29.02,28.89,16.25,10.25
2026-04-23 06:34:00,842,0,29.01,28.89,16.22,10.25
2026-04-23 06:35:00,843,0,29.01,28.88,16.2,10.23
2026-04-23 06:36:00,844,0,29.01,28.88,16.23,10.21
2026-04-23 06:37:00,845,0,29,28.88,16.24,10.19
2026-04-23 06:38:00,846,0,29,28.87,16.2,10.17
2026-04-23 06:39:00,847,0,29,28.87,16.23,10.16
2026-04-23 06:40:00,848,0,28.99,28.86,16.22,10.18
2026-04-23 06:41:00,849,0,28.98,28.85,16.23,10.22
2026-04-23 06:42:00,850,0,28.97,28.85,16.22,10.22
2026-04-23 06:43:00,851,0,28.97,28.84,16.21,10.2
2026-04-23 06:44:00,852,0,28.97,28.84,16.22,10.22
2026-04-23 06:45:00,853,0,28.96,28.84,16.23,10.22
2026-04-23 06:46:00,854,0,28.97,28.84,16.24,10.2
2026-04-23 06:47:00,855,0,28.96,28.83,16.23,10.22
2026-04-23 06:48:00,856,0,28.95,28.82,16.22,10.28
2026-04-23 06:49:00,857,0,28.95,28.81,16.22,10.33
2026-04-23 06:50:00,858,0,28.93,28.8,16.22,10.41
2026-04-23 06:51:00,859,0,28.92,28.8,16.22,10.42
2026-04-23 06:52:00,860,0,28.92,28.79,16.22,10.38
2026-04-23 06:53:00,861,0,28.93,28.8,16.22,10.4
2026-04-23 06:54:00,862,0,28.92,28.8,16.23,10.46
2026-04-23 06:55:00,863,0,28.92,28.8,16.24,10.48
2026-04-23 06:56:00,864,0,28.92,28.8,16.23,10.49
2026-04-23 06:57:00,865,0,28.92,28.79,16.23,10.5
2026-04-23 06:58:00,866,0,28.92,28.79,16.24,10.51
2026-04-23 06:59:00,867,0,28.92,28.79,16.24,10.48
2026-04-23 07:00:00,868,0,28.91,28.79,16.25,10.44
2026-04-23 07:01:00,869,0,28.91,28.79,16.23,10.4
2026-04-23 07:02:00,870,0,28.91,28.79,16.25,10.35
2026-04-23 07:03:00,871,0,28.91,28.78,16.24,10.27
2026-04-23 07:04:00,872,0,28.92,28.79,16.25,10.19
2026-04-23 07:05:00,873,0,28.93,28.81,16.24,10.14
2026-04-23 07:06:00,874,0,28.93,28.8,16.26,10.07
2026-04-23 07:07:00,875,0,28.92,28.79,16.25,10.02
2026-04-23 07:08:00,876,0,28.93,28.8,16.25,9.97
2026-04-23 07:09:00,877,0,28.93,28.8,16.25,9.91
2026-04-23 07:10:00,878,0,28.9,28.77,16.23,9.85
2026-04-23 07:11:00,879,0.156,28.91,28.78,16.24,9.81
2026-04-23 07:12:00,880,0.691,28.92,28.79,16.24,9.78
2026-04-23 07:13:00,881,0.822,28.91,28.78,16.24,9.74
2026-04-23 07:14:00,882,1.376,28.91,28.78,16.26,9.72
2026-04-23 07:15:00,883,1.73,28.92,28.78,16.23,9.71
2026-04-23 07:16:00,884,2.241,28.92,28.78,16.22,9.77
2026-04-23 07:17:00,885,2.683,28.91,28.77,16.23,9.86
2026-04-23 07:18:00,886,2.988,28.9,28.76,16.22,9.9
2026-04-23 07:19:00,887,3.505,28.91,28.77,16.23,9.95
2026-04-23 07:20:00,888,3.735,28.91,28.77,16.2,10
2026-04-23 07:21:00,889,4.308,28.91,28.77,16.22,10
2026-04-23 07:22:00,890,4.544,28.9,28.76,16.19,10.02
2026-04-23 07:23:00,891,4.893,28.91,28.77,16.2,10.09
2026-04-23 07:24:00,892,5.577,28.91,28.77,16.2,10.13
2026-04-23 07:25:00,893,6.212,28.91,28.77,16.23,10.2
2026-04-23 07:26:00,894,6.847,28.9,28.77,16.25,10.22
2026-04-23 07:27:00,895,7.165,28.9,28.77,16.2,10.17
2026-04-23 07:28:00,896,7.837,28.92,28.79,16.23,10.13
2026-04-23 07:29:00,897,8.29,28.91,28.78,16.26,10.1
2026-04-23 07:30:00,898,8.77,28.92,28.78,16.26,10.1
2026-04-23 07:31:00,899,9.34,28.91,28.77,16.24,10.07
2026-04-23 07:32:00,900,9.99,28.92,28.79,16.23,10.06
2026-04-23 07:33:00,901,10.38,28.92,28.79,16.25,10.03
2026-04-23 07:34:00,902,10.83,28.93,28.8,16.26,9.96
2026-04-23 07:35:00,903,11.44,28.92,28.79,16.24,9.92
2026-04-23 07:36:00,904,12.01,28.94,28.81,16.26,9.88
2026-04-23 07:37:00,905,12.73,28.94,28.81,16.27,9.87
2026-04-23 07:38:00,906,13.53,28.94,28.81,16.28,9.86
2026-04-23 07:39:00,907,14.44,28.93,28.8,16.28,9.83
2026-04-23 07:40:00,908,15.61,28.93,28.8,16.28,9.79
2026-04-23 07:41:00,909,16.79,28.94,28.81,16.25,9.76
2026-04-23 07:42:00,910,18,28.93,28.81,16.25,9.75
2026-04-23 07:43:00,911,19.44,28.94,28.81,16.23,9.74
2026-04-23 07:44:00,912,20.96,28.93,28.8,16.23,9.75
2026-04-23 07:45:00,913,22.53,28.94,28.82,16.23,9.75
2026-04-23 07:46:00,914,24.16,28.94,28.83,16.24,9.73
2026-04-23 07:47:00,915,25.86,28.95,28.83,16.22,9.68
2026-04-23 07:48:00,916,29.92,28.95,28.84,16.21,9.71
2026-04-23 07:49:00,917,69.21,28.95,28.84,16.2,9.83
2026-04-23 07:50:00,918,127,28.94,28.86,16.18,9.98
2026-04-23 07:51:00,919,146.3,28.96,28.89,16.17,10.25
2026-04-23 07:52:00,920,151.8,28.94,28.89,16.17,10.5
2026-04-23 07:53:00,921,157.1,28.94,28.9,16.16,10.76
2026-04-23 07:54:00,922,162,28.93,28.91,16.18,11.03
2026-04-23 07:55:00,923,167,28.93,28.92,16.21,11.29
2026-04-23 07:56:00,924,171.9,28.94,28.94,16.25,11.56
2026-04-23 07:57:00,925,176.8,28.97,28.98,16.26,11.76
2026-04-23 07:58:00,926,181.5,28.97,29,16.24,11.88
2026-04-23 07:59:00,927,185.3,28.99,29.03,16.26,12.02
2026-04-23 08:00:00,928,189.8,29,29.05,16.27,12.22
2026-04-23 08:01:00,929,194.4,29.01,29.07,16.22,12.36
2026-04-23 08:02:00,930,198.7,29.03,29.1,16.21,12.54
2026-04-23 08:03:00,931,203.1,29.05,29.13,16.18,12.73
2026-04-23 08:04:00,932,207.3,29.07,29.16,16.17,12.84
2026-04-23 08:05:00,933,211.7,29.09,29.19,16.17,12.99
2026-04-23 08:06:00,934,216.4,29.11,29.22,16.17,13.11
2026-04-23 08:07:00,935,221.1,29.13,29.25,16.2,13.28
2026-04-23 08:08:00,936,225.9,29.16,29.29,16.2,13.46
2026-04-23 08:09:00,937,230.8,29.19,29.33,16.24,13.66
2026-04-23 08:10:00,938,235.6,29.23,29.38,16.21,13.77
2026-04-23 08:11:00,939,240.6,29.27,29.42,16.25,13.82
2026-04-23 08:12:00,940,245.2,29.3,29.45,16.24,13.79
2026-04-23 08:13:00,941,249.7,29.33,29.49,16.24,13.72
2026-04-23 08:14:00,942,254.2,29.36,29.53,16.23,13.83
2026-04-23 08:15:00,943,258.5,29.39,29.57,16.23,14.02
2026-04-23 08:16:00,944,263.1,29.43,29.61,16.23,14.07
2026-04-23 08:17:00,945,267.8,29.47,29.65,16.22,14.04
2026-04-23 08:18:00,946,272.7,29.51,29.69,16.2,14.01
2026-04-23 08:19:00,947,277,29.54,29.73,16.2,13.98
2026-04-23 08:20:00,948,280.8,29.57,29.77,16.19,13.94
2026-04-23 08:21:00,949,284.7,29.61,29.81,16.19,13.93
2026-04-23 08:22:00,950,289.3,29.65,29.86,16.18,14.03
2026-04-23 08:23:00,951,294.1,29.72,29.92,16.18,14.13
2026-04-23 08:24:00,952,298.5,29.76,29.96,16.2,14.27
2026-04-23 08:25:00,953,303.4,29.81,30.02,16.18,14.4
2026-04-23 08:26:00,954,308.2,29.84,30.06,16.22,14.51
2026-04-23 08:27:00,955,313.3,29.9,30.11,16.22,14.61
2026-04-23 08:28:00,956,317.5,29.94,30.16,16.24,14.66
2026-04-23 08:29:00,957,322.1,29.98,30.21,16.23,14.85
2026-04-23 08:30:00,958,326.9,30.03,30.26,16.23,15.05
2026-04-23 08:31:00,959,332.1,30.08,30.31,16.25,15.13
2026-04-23 08:32:00,960,336.4,30.12,30.36,16.22,15.29
2026-04-23 08:33:00,961,340.3,30.17,30.41,16.24,15.36
2026-04-23 08:34:00,962,344.1,30.23,30.47,16.23,15.4
2026-04-23 08:35:00,963,348.8,30.28,30.52,16.21,15.42
2026-04-23 08:36:00,964,353,30.35,30.59,16.22,15.5
2026-04-23 08:37:00,965,357.1,30.4,30.65,16.2,15.57
2026-04-23 08:38:00,966,362.8,30.44,30.69,16.21,15.53
2026-04-23 08:39:00,967,367.1,30.5,30.76,16.21,15.56
2026-04-23 08:40:00,968,370.9,30.56,30.82,16.21,15.52
2026-04-23 08:41:00,969,375.3,30.61,30.87,16.22,15.57
2026-04-23 08:42:00,970,379.2,30.67,30.93,16.21,15.66
2026-04-23 08:43:00,971,382,30.72,30.99,16.22,15.76
2026-04-23 08:44:00,972,385.7,30.77,31.04,16.23,16
2026-04-23 08:45:00,973,389.6,30.83,31.1,16.23,16.11
2026-04-23 08:46:00,974,394.1,30.88,31.16,16.21,16.07
2026-04-23 08:47:00,975,398.4,30.93,31.22,16.21,16.11
2026-04-23 08:48:00,976,403.4,30.99,31.27,16.23,16.27
2026-04-23 08:49:00,977,408.7,31.05,31.33,16.21,16.28
2026-04-23 08:50:00,978,414,31.11,31.4,16.21,16.29
2026-04-23 08:51:00,979,418.6,31.17,31.46,16.2,16.3
2026-04-23 08:52:00,980,422.7,31.22,31.52,16.21,16.55
2026-04-23 08:53:00,981,427.5,31.3,31.6,16.2,16.73
2026-04-23 08:54:00,982,430.9,31.36,31.66,16.22,16.96
2026-04-23 08:55:00,983,434.9,31.42,31.73,16.2,16.88
2026-04-23 08:56:00,984,438.9,31.48,31.79,16.22,16.78
2026-04-23 08:57:00,985,442.4,31.54,31.86,16.22,16.69
2026-04-23 08:58:00,986,446.4,31.6,31.92,16.23,16.38
2026-04-23 08:59:00,987,450.5,31.67,31.98,16.21,16.37
2026-04-23 09:00:00,988,455.5,31.73,32.04,16.23,16.62
2026-04-23 09:01:00,989,459.5,31.79,32.11,16.22,16.65
2026-04-23 09:02:00,990,464.1,31.86,32.17,16.19,16.84
2026-04-23 09:03:00,991,468.4,31.9,32.22,16.19,17.1
2026-04-23 09:04:00,992,472.9,31.97,32.3,16.22,17.22
2026-04-23 09:05:00,993,477.2,32.04,32.36,16.2,17.23
2026-04-23 09:06:00,994,481.5,32.1,32.43,16.22,17.41
2026-04-23 09:07:00,995,485,32.16,32.49,16.23,17.21
2026-04-23 09:08:00,996,489.4,32.23,32.56,16.23,17.1
2026-04-23 09:09:00,997,494.2,32.29,32.63,16.21,17.03
2026-04-23 09:10:00,998,498.1,32.36,32.7,16.22,16.83
2026-04-23 09:11:00,999,501.4,32.43,32.77,16.24,16.72
2026-04-23 09:12:00,1000,505.5,32.49,32.83,16.24,16.98
2026-04-23 09:13:00,1001,509.9,32.55,32.9,16.23,17.2
2026-04-23 09:14:00,1002,515.2,32.64,32.99,16.21,17.46
2026-04-23 09:15:00,1003,519.8,32.71,33.06,16.21,17.55
2026-04-23 09:16:00,1004,522.9,32.77,33.13,16.23,17.78
2026-04-23 09:17:00,1005,525.6,32.83,33.2,16.19,18.14
2026-04-23 09:18:00,1006,529.4,32.9,33.27,16.21,18.4
2026-04-23 09:19:00,1007,533.6,32.97,33.35,16.22,18.67
2026-04-23 09:20:00,1008,537.7,33.02,33.41,16.22,18.88
2026-04-23 09:21:00,1009,541.1,33.09,33.48,16.24,18.99
2026-04-23 09:22:00,1010,545.4,33.16,33.56,16.25,19.17
2026-04-23 09:23:00,1011,549.8,33.23,33.63,16.25,19.25
2026-04-23 09:24:00,1012,553,33.3,33.71,16.26,19.59
2026-04-23 09:25:00,1013,556.9,33.36,33.78,16.27,19.89
2026-04-23 09:26:00,1014,560.8,33.46,33.89,16.28,19.73
2026-04-23 09:27:00,1015,564.6,33.54,33.97,16.29,19.5
2026-04-23 09:28:00,1016,568.2,33.62,34.06,16.28,18.92
2026-04-23 09:29:00,1017,571.5,33.69,34.13,16.26,18.43
2026-04-23 09:30:00,1018,576,33.78,34.21,16.25,18.28
2026-04-23 09:31:00,1019,579.9,33.86,34.29,16.23,18.67
2026-04-23 09:32:00,1020,583.5,33.94,34.38,16.26,19.19
2026-04-23 09:33:00,1021,586.5,34.01,34.45,16.24,19.52
2026-04-23 09:34:00,1022,590.5,34.09,34.53,16.23,19.66
2026-04-23 09:35:00,1023,593.9,34.17,34.62,16.23,19.77
2026-04-23 09:36:00,1024,597.4,34.25,34.7,16.21,19.7
2026-04-23 09:37:00,1025,602,34.34,34.78,16.24,19.75
2026-04-23 09:38:00,1026,607,34.42,34.86,16.25,19.76
2026-04-23 09:39:00,1027,612.1,34.51,34.95,16.25,19.56
2026-04-23 09:40:00,1028,616,34.6,35.05,16.26,19.73
2026-04-23 09:41:00,1029,619.5,34.67,35.12,16.25,19.94
2026-04-23 09:42:00,1030,622.5,34.75,35.21,16.26,20.39
2026-04-23 09:43:00,1031,624.6,34.83,35.29,16.23,20.81
2026-04-23 09:44:00,1032,626.2,34.91,35.37,16.27,20.93
2026-04-23 09:45:00,1033,630.1,34.99,35.46,16.24,21.01
2026-04-23 09:46:00,1034,632.6,35.08,35.55,16.23,21.1
2026-04-23 09:47:00,1035,635.4,35.16,35.64,16.25,21.23
2026-04-23 09:48:00,1036,640.2,35.25,35.73,16.25,21.45
2026-04-23 09:49:00,1037,643.7,35.34,35.83,16.24,21.69
2026-04-23 09:50:00,1038,647.7,35.43,35.93,16.25,21.82
2026-04-23 09:51:00,1039,651.1,35.5,36,16.23,21.87
2026-04-23 09:52:00,1040,654.8,35.61,36.11,16.24,21.93
2026-04-23 09:53:00,1041,659.1,35.7,36.2,16.25,21.42
2026-04-23 09:54:00,1042,662.8,35.8,36.31,16.26,20.83
2026-04-23 09:55:00,1043,665.4,35.89,36.4,16.25,20.67
2026-04-23 09:56:00,1044,667.8,35.98,36.49,16.26,20.36
2026-04-23 09:57:00,1045,669.8,36.06,36.57,16.27,20.15
2026-04-23 09:58:00,1046,671.2,36.16,36.67,16.28,19.92
2026-04-23 09:59:00,1047,673.7,36.26,36.77,16.26,20.09
2026-04-23 10:00:00,1048,677.9,36.36,36.86,16.29,20.07
2026-04-23 10:01:00,1049,682,36.44,36.96,16.29,20.27
2026-04-23 10:02:00,1050,685.7,36.54,37.05,16.3,20.51
2026-04-23 10:03:00,1051,688.5,36.63,37.15,16.27,20.71
2026-04-23 10:04:00,1052,691.6,36.73,37.26,16.29,20.95
2026-04-23 10:05:00,1053,693.5,36.83,37.35,16.3,21.08
2026-04-23 10:06:00,1054,696.3,36.93,37.45,16.31,21.54
2026-04-23 10:07:00,1055,699.3,37.02,37.55,16.28,22.04
2026-04-23 10:08:00,1056,702.6,37.11,37.65,16.29,22.48
2026-04-23 10:09:00,1057,706.4,37.19,37.74,16.28,22.8
2026-04-23 10:10:00,1058,708.4,37.29,37.84,16.27,22.13
2026-04-23 10:11:00,1059,710,37.4,37.95,16.24,21.48
2026-04-23 10:12:00,1060,712.7,37.51,38.06,16.23,21.06
2026-04-23 10:13:00,1061,714.7,37.63,38.18,16.23,21.12
2026-04-23 10:14:00,1062,716.8,37.83,38.35,16.25,21.31
2026-04-23 10:15:00,1063,720.7,37.95,38.47,16.25,21.73
2026-04-23 10:16:00,1064,723.1,38.01,38.56,16.25,22.3
2026-04-23 10:17:00,1065,725.7,38.08,38.64,16.25,22.78
2026-04-23 10:18:00,1066,730,38.17,38.73,16.26,23.16
2026-04-23 10:19:00,1067,733.6,38.26,38.82,16.28,23.47
2026-04-23 10:20:00,1068,735.4,38.35,38.91,16.27,23.25
2026-04-23 10:21:00,1069,737.9,38.44,39.02,16.28,23.01
2026-04-23 10:22:00,1070,738.8,38.55,39.12,16.28,23.08
2026-04-23 10:23:00,1071,740.8,38.65,39.23,16.27,23.2
2026-04-23 10:24:00,1072,742.9,38.74,39.33,16.22,23.47
2026-04-23 10:25:00,1073,745.5,38.85,39.43,16.23,23.19
2026-04-23 10:26:00,1074,748.1,38.94,39.53,16.19,22.74
2026-04-23 10:27:00,1075,749.9,39.04,39.63,16.22,22.68
2026-04-23 10:28:00,1076,751.5,39.16,39.75,16.21,22.45
2026-04-23 10:29:00,1077,754.3,39.26,39.85,16.23,22.38
2026-04-23 10:30:00,1078,756.3,39.37,39.95,16.23,21.82
2026-04-23 10:31:00,1079,758.3,39.49,40.06,16.23,21.07
2026-04-23 10:32:00,1080,760.9,39.59,40.16,16.25,21.09
2026-04-23 10:33:00,1081,763.1,39.7,40.26,16.24,21.06
2026-04-23 10:34:00,1082,767.4,39.82,40.38,16.26,21.22
2026-04-23 10:35:00,1083,768.8,39.92,40.49,16.23,21.68
2026-04-23 10:36:00,1084,771.2,40.02,40.59,16.26,21.92
2026-04-23 10:37:00,1085,773.2,40.12,40.71,16.25,22.34
2026-04-23 10:38:00,1086,775.4,40.21,40.81,16.27,22.88
2026-04-23 10:39:00,1087,775.8,40.31,40.91,16.26,23.39
2026-04-23 10:40:00,1088,777,40.39,41,16.25,23.81
2026-04-23 10:41:00,1089,780.9,40.5,41.11,16.27,23.99
2026-04-23 10:42:00,1090,784.8,40.6,41.22,16.24,23.97
2026-04-23 10:43:00,1091,785.3,40.7,41.32,16.25,23.75
2026-04-23 10:44:00,1092,786.6,40.81,41.44,16.26,23.35
2026-04-23 10:45:00,1093,787.5,40.91,41.54,16.25,23.1
2026-04-23 10:46:00,1094,786.8,41.02,41.65,16.26,22.48
2026-04-23 10:47:00,1095,788.9,41.14,41.75,16.26,22.45
2026-04-23 10:48:00,1096,791.5,41.26,41.88,16.24,22.39
2026-04-23 10:49:00,1097,796.2,41.37,41.98,16.25,22.51
2026-04-23 10:50:00,1098,798.7,41.47,42.09,16.24,22.97
2026-04-23 10:51:00,1099,803,41.58,42.2,16.25,22.87
2026-04-23 10:52:00,1100,804,41.69,42.31,16.27,22.42
2026-04-23 10:53:00,1101,805,41.79,42.42,16.27,22.74
2026-04-23 10:54:00,1102,806,41.91,42.52,16.3,23.09
2026-04-23 10:55:00,1103,808,42.02,42.64,16.31,23.32
2026-04-23 10:56:00,1104,810,42.12,42.74,16.28,23.16
2026-04-23 10:57:00,1105,811,42.23,42.86,16.28,23.06
2026-04-23 10:58:00,1106,813,42.33,42.97,16.3,23.47
2026-04-23 10:59:00,1107,815,42.44,43.07,16.29,23.95
2026-04-23 11:00:00,1108,818,42.54,43.18,16.28,24.35
2026-04-23 11:01:00,1109,819,42.65,43.29,16.3,24.61
2026-04-23 11:02:00,1110,821,42.76,43.4,16.29,24.56
2026-04-23 11:03:00,1111,824,42.86,43.51,16.3,23.89
2026-04-23 11:04:00,1112,826,42.98,43.62,16.29,23.59
2026-04-23 11:05:00,1113,828,43.1,43.74,16.31,23.86
2026-04-23 11:06:00,1114,832,43.19,43.84,16.31,23.52
2026-04-23 11:07:00,1115,834,43.31,43.95,16.3,23.69
2026-04-23 11:08:00,1116,836,43.42,44.06,16.32,23.67
2026-04-23 11:09:00,1117,837,43.54,44.18,16.32,23.87
2026-04-23 11:10:00,1118,841,43.65,44.29,16.28,23.91
2026-04-23 11:11:00,1119,843,43.75,44.39,16.3,23.77
2026-04-23 11:12:00,1120,840,43.86,44.49,16.3,23.16
2026-04-23 11:13:00,1121,843,43.99,44.61,16.29,22.04
2026-04-23 11:14:00,1122,847,44.09,44.7,16.29,21.42
2026-04-23 11:15:00,1123,849,44.21,44.81,16.32,21.18
2026-04-23 11:16:00,1124,850,44.32,44.92,16.29,21.34
2026-04-23 11:17:00,1125,850,44.42,45.01,16.27,21.61
2026-04-23 11:18:00,1126,853,44.56,45.14,16.29,21.48
2026-04-23 11:19:00,1127,855,44.65,45.24,16.28,21.63
2026-04-23 11:20:00,1128,855,44.73,45.32,16.26,21.8
2026-04-23 11:21:00,1129,856,44.84,45.43,16.25,22.24
2026-04-23 11:22:00,1130,857,44.94,45.53,16.23,22.86
2026-04-23 11:23:00,1131,857,45.03,45.65,16.24,23.54
2026-04-23 11:24:00,1132,856,45.14,45.75,16.27,24.11
2026-04-23 11:25:00,1133,856,45.23,45.83,16.28,23.69
2026-04-23 11:26:00,1134,855,45.33,45.94,16.27,22.84
2026-04-23 11:27:00,1135,856,45.44,46.05,16.24,23.18
2026-04-23 11:28:00,1136,858,45.52,46.15,16.26,23.72
2026-04-23 11:29:00,1137,859,45.62,46.26,16.26,24.22
2026-04-23 11:30:00,1138,861,45.73,46.36,16.26,24.64
2026-04-23 11:31:00,1139,865,45.83,46.47,16.26,24.83
2026-04-23 11:32:00,1140,868,45.94,46.59,16.24,25.11
2026-04-23 11:33:00,1141,870,46.05,46.7,16.27,25.5
2026-04-23 11:34:00,1142,871,46.14,46.8,16.27,25.6
2026-04-23 11:35:00,1143,872,46.25,46.91,16.25,25.13
2026-04-23 11:36:00,1144,872,46.36,47.01,16.25,24.59
2026-04-23 11:37:00,1145,876,46.49,47.14,16.24,24.48
2026-04-23 11:38:00,1146,875,46.58,47.23,16.24,24.36
2026-04-23 11:39:00,1147,877,46.7,47.35,16.26,24.34
2026-04-23 11:40:00,1148,882,46.81,47.44,16.26,24.55
2026-04-23 11:41:00,1149,885,46.91,47.56,16.25,24.94
2026-04-23 11:42:00,1150,886,47.02,47.67,16.24,25.29
2026-04-23 11:43:00,1151,889,47.11,47.76,16.26,25.46
2026-04-23 11:44:00,1152,885,47.22,47.87,16.27,25.35
2026-04-23 11:45:00,1153,888,47.32,47.97,16.26,25.24
2026-04-23 11:46:00,1154,891,47.44,48.09,16.28,25.33
2026-04-23 11:47:00,1155,891,47.53,48.18,16.26,25.29
2026-04-23 11:48:00,1156,892,47.65,48.31,16.27,25.25
2026-04-23 11:49:00,1157,891,47.74,48.39,16.26,25.59
2026-04-23 11:50:00,1158,893,47.84,48.5,16.26,25.78
2026-04-23 11:51:00,1159,895,47.95,48.61,16.27,26.04
2026-04-23 11:52:00,1160,896,48.06,48.72,16.23,26.16
2026-04-23 11:53:00,1161,898,48.15,48.81,16.27,26.07
2026-04-23 11:54:00,1162,900,48.28,48.92,16.27,25.67
2026-04-23 11:55:00,1163,900,48.36,49,16.23,25.15
2026-04-23 11:56:00,1164,902,48.49,49.13,16.23,24.69
2026-04-23 11:57:00,1165,905,48.6,49.24,16.24,24.82
2026-04-23 11:58:00,1166,906,48.73,49.37,16.23,25.1
2026-04-23 11:59:00,1167,905,48.82,49.46,16.24,25.51
2026-04-23 12:00:00,1168,909,48.92,49.56,16.27,25.73
2026-04-23 12:01:00,1169,908,49.03,49.67,16.26,25.58
2026-04-23 12:02:00,1170,903,49.12,49.77,16.26,25.5
2026-04-23 12:03:00,1171,902,49.21,49.85,16.25,25.44
2026-04-23 12:04:00,1172,904,49.31,49.94,16.24,25.25
2026-04-23 12:05:00,1173,902,49.42,50.05,16.24,25.28
2026-04-23 12:06:00,1174,901,49.52,50.15,16.25,25.61
2026-04-23 12:07:00,1175,899,49.62,50.25,16.24,25.92
2026-04-23 12:08:00,1176,899,49.74,50.37,16.23,26.1
2026-04-23 12:09:00,1177,894,49.83,50.45,16.25,26.07
2026-04-23 12:10:00,1178,897,49.91,50.53,16.23,26.14
2026-04-23 12:11:00,1179,901,50,50.62,16.25,26.31
2026-04-23 12:12:00,1180,902,50.11,50.74,16.28,26.56
2026-04-23 12:13:00,1181,902,50.2,50.84,16.25,26.67
2026-04-23 12:14:00,1182,901,50.33,50.96,16.26,26.7
2026-04-23 12:15:00,1183,898,50.4,51.03,16.27,26.55
2026-04-23 12:16:00,1184,901,50.5,51.12,16.26,26.43
2026-04-23 12:17:00,1185,906,50.58,51.21,16.26,26.7
2026-04-23 12:18:00,1186,903,50.68,51.3,16.26,26.85
2026-04-23 12:19:00,1187,897,50.78,51.4,16.22,27.02
2026-04-23 12:20:00,1188,896,50.87,51.49,16.26,27.28
2026-04-23 12:21:00,1189,901,50.97,51.59,16.26,27.38
2026-04-23 12:22:00,1190,909,51.06,51.68,16.23,27.15
2026-04-23 12:23:00,1191,900,51.14,51.77,16.25,27.04
2026-04-23 12:24:00,1192,892,51.26,51.87,16.26,27.13
2026-04-23 12:25:00,1193,898,51.34,51.96,16.24,27.34
2026-04-23 12:26:00,1194,902,51.45,52.06,16.26,27.47
2026-04-23 12:27:00,1195,907,51.54,52.16,16.25,27.17
2026-04-23 12:28:00,1196,903,51.62,52.24,16.26,27.22
2026-04-23 12:29:00,1197,907,51.71,52.33,16.26,27.5
2026-04-23 12:30:00,1198,907,51.82,52.45,16.28,27.63
2026-04-23 12:31:00,1199,901,51.91,52.52,16.25,27.72
2026-04-23 12:32:00,1200,908,52,52.61,16.26,27.67
2026-04-23 12:33:00,1201,911,52.09,52.7,16.27,27.61
2026-04-23 12:34:00,1202,915,52.18,52.8,16.26,27.34
2026-04-23 12:35:00,1203,915,52.27,52.89,16.28,27.36
2026-04-23 12:36:00,1204,911,52.37,52.99,16.28,27.65
2026-04-23 12:37:00,1205,908,52.48,53.1,16.29,27.87
2026-04-23 12:38:00,1206,905,52.58,53.18,16.3,27.94
2026-04-23 12:39:00,1207,900,52.66,53.26,16.29,28.09
2026-04-23 12:40:00,1208,904,52.75,53.35,16.29,27.75
2026-04-23 12:41:00,1209,907,52.84,53.44,16.27,27.49
2026-04-23 12:42:00,1210,910,52.93,53.53,16.27,27.34
2026-04-23 12:43:00,1211,912,53.02,53.63,16.26,27.28
2026-04-23 12:44:00,1212,910,53.13,53.74,16.25,27.23
2026-04-23 12:45:00,1213,915,53.21,53.82,16.27,27.24
2026-04-23 12:46:00,1214,914,53.28,53.89,16.29,27.19
2026-04-23 12:47:00,1215,911,53.39,53.99,16.28,27.18
2026-04-23 12:48:00,1216,912,53.46,54.06,16.29,27.24
2026-04-23 12:49:00,1217,912,53.56,54.15,16.3,27.27
2026-04-23 12:50:00,1218,906,53.64,54.23,16.3,26.51
2026-04-23 12:51:00,1219,901,53.73,54.3,16.27,25.73
2026-04-23 12:52:00,1220,902,53.82,54.39,16.28,25.09
2026-04-23 12:53:00,1221,909,53.91,54.49,16.3,25.24
2026-04-23 12:54:00,1222,903,54,54.57,16.29,25.73
2026-04-23 12:55:00,1223,903,54.06,54.63,16.29,26.05
2026-04-23 12:56:00,1224,904,54.16,54.72,16.3,26.29
2026-04-23 12:57:00,1225,905,54.24,54.8,16.31,26.5
2026-04-23 12:58:00,1226,909,54.3,54.87,16.3,26.75
2026-04-23 12:59:00,1227,905,54.4,54.97,16.3,26.88
2026-04-23 13:00:00,1228,895,54.48,55.04,16.31,27.13
2026-04-23 13:01:00,1229,894,54.55,55.12,16.28,27.41
2026-04-23 13:02:00,1230,899,54.61,55.17,16.28,27.52
2026-04-23 13:03:00,1231,904,54.67,55.24,16.3,27.53
2026-04-23 13:04:00,1232,900,54.76,55.32,16.29,27.6
2026-04-23 13:05:00,1233,896,54.85,55.42,16.29,27.48
2026-04-23 13:06:00,1234,891,54.91,55.47,16.29,27.75
2026-04-23 13:07:00,1235,895,55,55.56,16.28,27.67
2026-04-23 13:08:00,1236,895,55.12,55.66,16.3,26.9
2026-04-23 13:09:00,1237,887,55.28,55.77,16.27,26.49
2026-04-23 13:10:00,1238,880,55.31,55.78,16.28,26.76
2026-04-23 13:11:00,1239,882,55.36,55.84,16.27,27.11
2026-04-23 13:12:00,1240,885,55.42,55.89,16.3,26.98
2026-04-23 13:13:00,1241,891,55.48,55.98,16.26,26.36
2026-04-23 13:14:00,1242,898,55.54,56.04,16.26,26.23
2026-04-23 13:15:00,1243,896,55.61,56.11,16.27,25.59
2026-04-23 13:16:00,1244,880,55.67,56.16,16.29,25.03
2026-04-23 13:17:00,1245,883,55.75,56.22,16.29,24.96
2026-04-23 13:18:00,1246,883,55.82,56.3,16.24,25.03
2026-04-23 13:19:00,1247,879,55.88,56.37,16.26,25.37
2026-04-23 13:20:00,1248,884,55.94,56.43,16.26,25.94
2026-04-23 13:21:00,1249,884,56,56.5,16.27,26.39
2026-04-23 13:22:00,1250,879,56.06,56.55,16.28,26.27
2026-04-23 13:23:00,1251,879,56.13,56.62,16.27,26.16
2026-04-23 13:24:00,1252,885,56.21,56.7,16.28,26.06
2026-04-23 13:25:00,1253,888,56.26,56.77,16.32,26.07
2026-04-23 13:26:00,1254,885,56.33,56.84,16.33,26.34
2026-04-23 13:27:00,1255,881,56.4,56.93,16.33,26.89
2026-04-23 13:28:00,1256,874,56.44,56.97,16.28,27.43
2026-04-23 13:29:00,1257,883,56.52,57.05,16.28,27.74
2026-04-23 13:30:00,1258,875,56.59,57.11,16.29,27.32
2026-04-23 13:31:00,1259,869,56.64,57.17,16.31,26.98
2026-04-23 13:32:00,1260,871,56.71,57.22,16.28,27.06
2026-04-23 13:33:00,1261,872,56.78,57.3,16.24,26.84
2026-04-23 13:34:00,1262,874,56.83,57.34,16.25,25.89
2026-04-23 13:35:00,1263,881,56.89,57.4,16.23,25.68
2026-04-23 13:36:00,1264,879,56.97,57.47,16.28,25.43
2026-04-23 13:37:00,1265,875,57.03,57.52,16.23,25.45
2026-04-23 13:38:00,1266,881,57.09,57.59,16.25,25.56
2026-04-23 13:39:00,1267,882,57.14,57.65,16.27,25.85
2026-04-23 13:40:00,1268,882,57.2,57.72,16.28,26.33
2026-04-23 13:41:00,1269,878,57.28,57.8,16.26,26.81
2026-04-23 13:42:00,1270,871,57.32,57.84,16.26,26.86
2026-04-23 13:43:00,1271,865,57.37,57.88,16.28,26.73
2026-04-23 13:44:00,1272,873,57.42,57.94,16.27,26.8
2026-04-23 13:45:00,1273,877,57.48,58.02,16.29,26.97
2026-04-23 13:46:00,1274,873,57.53,58.06,16.29,27.21
2026-04-23 13:47:00,1275,876,57.58,58.12,16.27,27.46
2026-04-23 13:48:00,1276,875,57.64,58.19,16.27,27.64
2026-04-23 13:49:00,1277,871,57.7,58.25,16.28,27.68
2026-04-23 13:50:00,1278,866,57.75,58.3,16.28,27.79
2026-04-23 13:51:00,1279,887,57.81,58.37,16.27,27.7
2026-04-23 13:52:00,1280,892,57.87,58.43,16.28,27.62
2026-04-23 13:53:00,1281,891,57.94,58.48,16.3,26.78
2026-04-23 13:54:00,1282,890,57.97,58.52,16.28,25.95
2026-04-23 13:55:00,1283,890,58.03,58.57,16.26,26.07
2026-04-23 13:56:00,1284,897,58.08,58.63,16.31,26.2
2026-04-23 13:57:00,1285,890,58.12,58.68,16.3,26.48
2026-04-23 13:58:00,1286,888,58.19,58.73,16.29,26.77
2026-04-23 13:59:00,1287,890,58.25,58.8,16.31,26.99
2026-04-23 14:00:00,1288,891,58.31,58.86,16.31,27.18
2026-04-23 14:01:00,1289,894,58.36,58.92,16.31,27.26
2026-04-23 14:02:00,1290,893,58.42,58.98,16.31,27.52
2026-04-23 14:03:00,1291,889,58.48,59.02,16.33,27.33
2026-04-23 14:04:00,1292,888,58.51,59.07,16.29,26.74
2026-04-23 14:05:00,1293,885,58.58,59.12,16.33,26.9
2026-04-23 14:06:00,1294,875,58.63,59.17,16.31,27.12
2026-04-23 14:07:00,1295,868,58.68,59.21,16.34,27.31
2026-04-23 14:08:00,1296,872,58.71,59.24,16.31,27.42
2026-04-23 14:09:00,1297,873,58.76,59.3,16.31,27.47
2026-04-23 14:10:00,1298,870,58.8,59.34,16.32,27.57
2026-04-23 14:11:00,1299,865,58.85,59.38,16.32,27.67
2026-04-23 14:12:00,1300,867,58.88,59.43,16.32,27.76
2026-04-23 14:13:00,1301,869,58.94,59.49,16.29,27.9
2026-04-23 14:14:00,1302,868,58.99,59.54,16.34,27.85
2026-04-23 14:15:00,1303,865,59.04,59.58,16.35,27.46
2026-04-23 14:16:00,1304,864,59.06,59.61,16.35,27.02
2026-04-23 14:17:00,1305,863,59.12,59.66,16.32,27
2026-04-23 14:18:00,1306,858,59.16,59.71,16.32,27.02
2026-04-23 14:19:00,1307,854,59.19,59.74,16.32,27.31
2026-04-23 14:20:00,1308,850,59.22,59.76,16.34,27.43
2026-04-23 14:21:00,1309,855,59.27,59.81,16.34,27.51
2026-04-23 14:22:00,1310,858,59.32,59.87,16.33,27.46
2026-04-23 14:23:00,1311,855,59.36,59.9,16.31,27.47
2026-04-23 14:24:00,1312,850,59.4,59.94,16.31,27.28
2026-04-23 14:25:00,1313,848,59.44,59.98,16.31,27.47
2026-04-23 14:26:00,1314,845,59.48,60.02,16.32,27.62
2026-04-23 14:27:00,1315,842,59.54,60.08,16.33,27.8
2026-04-23 14:28:00,1316,840,59.58,60.12,16.33,28.02
2026-04-23 14:29:00,1317,834,59.62,60.16,16.31,27.97
2026-04-23 14:30:00,1318,828,59.65,60.18,16.32,27.82
2026-04-23 14:31:00,1319,824,59.7,60.23,16.32,27.79
2026-04-23 14:32:00,1320,823,59.74,60.26,16.32,27.54
2026-04-23 14:33:00,1321,826,59.78,60.29,16.32,26.9
2026-04-23 14:34:00,1322,831,59.81,60.32,16.31,26.32
2026-04-23 14:35:00,1323,823,59.84,60.33,16.34,25.92
2026-04-23 14:36:00,1324,816,59.87,60.34,16.32,25.31
2026-04-23 14:37:00,1325,813,59.92,60.36,16.32,25.03
2026-04-23 14:38:00,1326,819,59.93,60.38,16.32,25.37
2026-04-23 14:39:00,1327,818,59.95,60.4,16.33,25.83
2026-04-23 14:40:00,1328,815,59.98,60.44,16.34,26.18
2026-04-23 14:41:00,1329,811,60,60.46,16.29,26.56
2026-04-23 14:42:00,1330,809,60,60.47,16.3,26.73
2026-04-23 14:43:00,1331,805,60.02,60.5,16.3,26.89
2026-04-23 14:44:00,1332,798.8,60.05,60.52,16.29,26.92
2026-04-23 14:45:00,1333,797.2,60.08,60.55,16.32,26.66
2026-04-23 14:46:00,1334,795.1,60.09,60.57,16.3,26.77
2026-04-23 14:47:00,1335,798,60.1,60.59,16.31,26.96
2026-04-23 14:48:00,1336,790.6,60.12,60.61,16.3,27.13
2026-04-23 14:49:00,1337,784.2,60.14,60.63,16.3,27.24
2026-04-23 14:50:00,1338,781.5,60.18,60.65,16.31,27.03
2026-04-23 14:51:00,1339,783.2,60.18,60.67,16.33,26.98
2026-04-23 14:52:00,1340,783.3,60.21,60.7,16.34,27.11
2026-04-23 14:53:00,1341,779.1,60.24,60.73,16.33,27.22
2026-04-23 14:54:00,1342,775.5,60.25,60.73,16.32,26.94
2026-04-23 14:55:00,1343,768.9,60.26,60.72,16.35,26.48
2026-04-23 14:56:00,1344,766.9,60.3,60.74,16.34,26.12
2026-04-23 14:57:00,1345,768.5,60.32,60.77,16.35,26.13
2026-04-23 14:58:00,1346,764,60.32,60.78,16.35,26.34
2026-04-23 14:59:00,1347,753.4,60.36,60.82,16.36,26.59
2026-04-23 15:00:00,1348,754.1,60.39,60.84,16.36,26.75
2026-04-23 15:01:00,1349,753.3,60.4,60.86,16.37,26.81
2026-04-23 15:02:00,1350,750.5,60.43,60.89,16.38,26.97
2026-04-23 15:03:00,1351,748.4,60.43,60.89,16.4,27.15
2026-04-23 15:04:00,1352,740.8,60.45,60.91,16.4,27.25
2026-04-23 15:05:00,1353,735.6,60.48,60.93,16.4,27.1
2026-04-23 15:06:00,1354,735.2,60.51,60.97,16.39,27.18
2026-04-23 15:07:00,1355,735.8,60.51,60.97,16.39,27.26
2026-04-23 15:08:00,1356,732.3,60.54,61,16.39,27.37
2026-04-23 15:09:00,1357,728,60.57,61.03,16.39,27.33
2026-04-23 15:10:00,1358,723.8,60.58,61.03,16.41,27.38
2026-04-23 15:11:00,1359,720,60.61,61.06,16.41,27.43
2026-04-23 15:12:00,1360,718.2,60.63,61.07,16.39,27.56
2026-04-23 15:13:00,1361,716.2,60.64,61.09,16.39,27.63
2026-04-23 15:14:00,1362,715,60.71,61.13,16.35,27.73
2026-04-23 15:15:00,1363,712.9,60.78,61.16,16.37,27.63
2026-04-23 15:16:00,1364,709.9,60.73,61.11,16.38,27.32
2026-04-23 15:17:00,1365,708,60.71,61.1,16.35,27.27
2026-04-23 15:18:00,1366,696.2,60.71,61.1,16.33,27.31
2026-04-23 15:19:00,1367,690.9,60.73,61.12,16.34,27.35
2026-04-23 15:20:00,1368,685.3,60.74,61.12,16.34,26.74
2026-04-23 15:21:00,1369,684.6,60.74,61.11,16.37,25.89
2026-04-23 15:22:00,1370,685.4,60.74,61.11,16.35,25.89
2026-04-23 15:23:00,1371,683,60.75,61.12,16.34,26.28
2026-04-23 15:24:00,1372,676.7,60.78,61.14,16.34,26.8
2026-04-23 15:25:00,1373,667.5,60.77,61.12,16.35,26.79
2026-04-23 15:26:00,1374,663.2,60.76,61.11,16.33,26.58
2026-04-23 15:27:00,1375,663.4,60.79,61.13,16.35,26.54
2026-04-23 15:28:00,1376,660.4,60.78,61.12,16.35,26.33
2026-04-23 15:29:00,1377,657.9,60.78,61.12,16.35,26.28
2026-04-23 15:30:00,1378,652.6,60.77,61.11,16.36,26.66
2026-04-23 15:31:00,1379,643.5,60.76,61.1,16.35,27.01
2026-04-23 15:32:00,1380,637.6,60.78,61.12,16.34,27.18
2026-04-23 15:33:00,1381,629,60.79,61.12,16.34,27.3
2026-04-23 15:34:00,1382,623.8,60.78,61.11,16.36,27.32
2026-04-23 15:35:00,1383,619.1,60.78,61.11,16.35,27.26
2026-04-23 15:36:00,1384,615.6,60.79,61.11,16.36,26.99
2026-04-23 15:37:00,1385,612.1,60.78,61.09,16.35,26.76
2026-04-23 15:38:00,1386,607.9,60.77,61.09,16.36,26.93
2026-04-23 15:39:00,1387,601.6,60.79,61.09,16.36,27.08
2026-04-23 15:40:00,1388,594.6,60.78,61.08,16.39,27.23
2026-04-23 15:41:00,1389,591.9,60.78,61.08,16.39,27.22
2026-04-23 15:42:00,1390,589.5,60.77,61.07,16.4,27.14
2026-04-23 15:43:00,1391,588.6,60.77,61.06,16.4,27.18
2026-04-23 15:44:00,1392,586.9,60.77,61.06,16.41,27.32
2026-04-23 15:45:00,1393,583.8,60.76,61.06,16.41,27.48
2026-04-23 15:46:00,1394,581.6,60.77,61.06,16.41,27.53
2026-04-23 15:47:00,1395,579.2,60.78,61.06,16.39,27.32
2026-04-23 15:48:00,1396,572.5,60.76,61.04,16.4,27.33
2026-04-23 15:49:00,1397,568.8,60.74,61.02,16.41,27
2026-04-23 15:50:00,1398,566.7,60.75,61.02,16.39,27
2026-04-23 15:51:00,1399,561.9,60.75,61.02,16.4,27.11
2026-04-23 15:52:00,1400,558.5,60.75,61.01,16.4,27.31
2026-04-23 15:53:00,1401,553.9,60.74,61,16.43,27.43
2026-04-23 15:54:00,1402,548.7,60.73,60.99,16.44,27.33
2026-04-23 15:55:00,1403,543.2,60.72,60.96,16.42,27.25
2026-04-23 15:56:00,1404,539.7,60.71,60.94,16.41,27.15
2026-04-23 15:57:00,1405,538.5,60.7,60.93,16.43,27.03
2026-04-23 15:58:00,1406,536.3,60.7,60.92,16.44,26.92
2026-04-23 15:59:00,1407,531.3,60.68,60.9,16.44,26.81
2026-04-23 16:00:00,1408,527.2,60.66,60.88,16.44,26.91
2026-04-23 16:01:00,1409,523.8,60.63,60.84,16.45,26.84
2026-04-23 16:02:00,1410,520.1,60.62,60.84,16.45,26.69
2026-04-23 16:03:00,1411,516.8,60.61,60.82,16.44,26.49
2026-04-23 16:04:00,1412,514.9,60.61,60.81,16.46,26.33
2026-04-23 16:05:00,1413,510.8,60.58,60.77,16.45,26.22
2026-04-23 16:06:00,1414,506.8,60.56,60.76,16.45,26.19
2026-04-23 16:07:00,1415,502.6,60.54,60.73,16.49,26.12
2026-04-23 16:08:00,1416,494.1,60.52,60.7,16.45,26.1
2026-04-23 16:09:00,1417,490.6,60.52,60.69,16.47,26.11
2026-04-23 16:10:00,1418,488.7,60.51,60.68,16.48,26.14
2026-04-23 16:11:00,1419,482.1,60.5,60.67,16.48,26.2
2026-04-23 16:12:00,1420,479.1,60.46,60.62,16.48,26.29
2026-04-23 16:13:00,1421,474.8,60.45,60.62,16.49,26.39
2026-04-23 16:14:00,1422,464.7,60.42,60.58,16.49,26.44
2026-04-23 16:15:00,1423,454.7,60.41,60.55,16.5,26.47
2026-04-23 16:16:00,1424,447.7,60.41,60.55,16.51,26.45
2026-04-23 16:17:00,1425,441,60.39,60.52,16.49,26.4
2026-04-23 16:18:00,1426,438.8,60.37,60.49,16.51,26.19
2026-04-23 16:19:00,1427,433,60.35,60.46,16.51,26.19
2026-04-23 16:20:00,1428,429.5,60.43,60.49,16.52,26.25
2026-04-23 16:21:00,1429,425.6,60.39,60.41,16.5,26.16
2026-04-23 16:22:00,1430,420.7,60.31,60.34,16.51,26.13
2026-04-23 16:23:00,1431,413.2,60.26,60.3,16.52,26.14
2026-04-23 16:24:00,1432,407.9,60.21,60.26,16.5,26.09
2026-04-23 16:25:00,1433,406,60.19,60.25,16.5,26.07
2026-04-23 16:26:00,1434,403.8,60.15,60.2,16.51,25.93
2026-04-23 16:27:00,1435,396.2,60.12,60.18,16.51,25.85
2026-04-23 16:28:00,1436,393.3,60.1,60.15,16.52,25.86
2026-04-23 16:29:00,1437,391.3,60.06,60.11,16.52,25.84
2026-04-23 16:30:00,1438,388.2,60.05,60.1,16.53,25.73
2026-04-23 16:31:00,1439,379.4,60.02,60.06,16.54,25.62
2026-04-23 16:32:00,1440,376.2,59.98,60.01,16.53,25.47
2026-04-23 16:33:00,1441,375.6,59.96,59.99,16.54,25.44
2026-04-23 16:34:00,1442,377.5,59.93,59.96,16.53,25.41
2026-04-23 16:35:00,1443,373.2,59.89,59.92,16.55,25.49
2026-04-23 16:36:00,1444,366.6,59.85,59.88,16.53,25.48
2026-04-23 16:37:00,1445,364.6,59.82,59.85,16.54,25.45
2026-04-23 16:38:00,1446,358.2,59.8,59.81,16.56,25.41
2026-04-23 16:39:00,1447,352.2,59.76,59.78,16.55,25.31
2026-04-23 16:40:00,1448,347.6,59.71,59.72,16.55,25.25
2026-04-23 16:41:00,1449,343.3,59.69,59.69,16.54,25.28
2026-04-23 16:42:00,1450,335.9,59.65,59.65,16.56,25.26
2026-04-23 16:43:00,1451,330.7,59.62,59.61,16.58,25.17
2026-04-23 16:44:00,1452,329.7,59.58,59.57,16.57,25.15
2026-04-23 16:45:00,1453,326.1,59.55,59.54,16.58,25.12
2026-04-23 16:46:00,1454,320.9,59.52,59.5,16.55,25.07
2026-04-23 16:47:00,1455,319.7,59.47,59.44,16.55,24.96
2026-04-23 16:48:00,1456,316.7,59.43,59.4,16.55,24.84
2026-04-23 16:49:00,1457,313.5,59.38,59.35,16.54,24.77
2026-04-23 16:50:00,1458,311.4,59.34,59.3,16.57,24.71
2026-04-23 16:51:00,1459,307.6,59.31,59.27,16.59,24.65
2026-04-23 16:52:00,1460,304.8,59.27,59.21,16.59,24.61
2026-04-23 16:53:00,1461,301.1,59.22,59.17,16.6,24.62
2026-04-23 16:54:00,1462,297.9,59.19,59.13,16.59,24.68
2026-04-23 16:55:00,1463,295.8,59.15,59.08,16.61,24.74
2026-04-23 16:56:00,1464,291.4,59.1,59.03,16.61,24.69
2026-04-23 16:57:00,1465,288.6,59.06,58.98,16.61,24.54
2026-04-23 16:58:00,1466,284.2,58.99,58.91,16.59,24.43
2026-04-23 16:59:00,1467,278.7,58.96,58.86,16.59,24.43
2026-04-23 17:00:00,1468,275,58.91,58.82,16.58,24.49
2026-04-23 17:01:00,1469,271.7,58.87,58.77,16.56,24.46
2026-04-23 17:02:00,1470,265.4,58.82,58.71,16.56,24.37
2026-04-23 17:03:00,1471,261.4,58.78,58.66,16.54,24.37
2026-04-23 17:04:00,1472,256.8,58.73,58.6,16.53,24.27
2026-04-23 17:05:00,1473,253,58.68,58.54,16.51,24.17
2026-04-23 17:06:00,1474,249.5,58.63,58.49,16.5,24.15
2026-04-23 17:07:00,1475,247.4,58.58,58.43,16.54,24.15
2026-04-23 17:08:00,1476,243.6,58.53,58.37,16.59,24.05
2026-04-23 17:09:00,1477,237.5,58.47,58.31,16.58,23.95
2026-04-23 17:10:00,1478,232.9,58.41,58.24,16.6,23.98
2026-04-23 17:11:00,1479,230.8,58.37,58.19,16.6,23.99
2026-04-23 17:12:00,1480,227,58.32,58.14,16.61,23.97
2026-04-23 17:13:00,1481,221.2,58.27,58.09,16.61,23.92
2026-04-23 17:14:00,1482,217.4,58.22,58.03,16.61,23.82
2026-04-23 17:15:00,1483,212.1,58.17,57.97,16.64,23.83
2026-04-23 17:16:00,1484,207.8,58.12,57.92,16.64,23.81
2026-04-23 17:17:00,1485,203.1,58.06,57.86,16.63,23.75
2026-04-23 17:18:00,1486,197.5,58,57.78,16.63,23.65
2026-04-23 17:19:00,1487,192.5,57.95,57.73,16.63,23.67
2026-04-23 17:20:00,1488,188.8,57.9,57.67,16.61,23.59
