TIMESTAMP,RECORD,G,Tin,Tout,Qin,Tamb,Tm,dT,X1,X2
2026-04-22 16:53:00,21,310.2,24.26,25.81,16.03,24.09,25.035,0.9450000000000003,0.003046421663442941,0.00287886847195358
2026-04-23 08:25:00,953,303.4,29.81,30.02,16.18,14.4,29.915,15.514999999999999,0.051137112722478575,0.7933923038892551
2026-04-23 08:26:00,954,308.2,29.84,30.06,16.22,14.51,29.95,15.44,0.05009733939000649,0.7735029201817002
2026-04-23 08:27:00,955,313.3,29.9,30.11,16.22,14.61,30.005,15.395,0.0491382061921481,0.7564826843281199
2026-04-23 08:28:00,956,317.5,29.94,30.16,16.24,14.66,30.05,15.39,0.048472440944881894,0.7459908661417323
2026-04-23 08:29:00,957,322.1,29.98,30.21,16.23,14.85,30.095,15.245,0.04733002173238124,0.721546181310152
2026-04-23 08:30:00,958,326.9,30.03,30.26,16.23,15.05,30.145000000000003,15.095000000000002,0.04617620067298869,0.6970297491587644
2026-04-23 08:31:00,959,332.1,30.08,30.31,16.25,15.13,30.195,15.065,0.04536284251731406,0.6833912225233363
2026-04-23 08:32:00,960,336.4,30.12,30.36,16.22,15.29,30.240000000000002,14.950000000000003,0.04444114149821642,0.6643950653983356
2026-04-23 08:33:00,961,340.3,30.17,30.41,16.24,15.36,30.29,14.93,0.04387305318836321,0.6550246841022627
2026-04-23 08:34:00,962,344.1,30.23,30.47,16.23,15.4,30.35,14.950000000000001,0.04344667247893055,0.6495277535600117
2026-04-23 08:35:00,963,348.8,30.28,30.52,16.21,15.42,30.4,14.979999999999999,0.04294724770642201,0.6433497706422017
2026-04-23 08:36:00,964,353.0,30.35,30.59,16.22,15.5,30.47,14.969999999999999,0.04240793201133144,0.6348467422096317
2026-04-23 08:37:00,965,357.1,30.4,30.65,16.2,15.57,30.525,14.954999999999998,0.04187902548305796,0.6263008260991317
2026-04-23 08:38:00,966,362.8,30.44,30.69,16.21,15.53,30.565,15.035000000000002,0.04144156560088203,0.6230739388092614
2026-04-23 08:39:00,967,367.1,30.5,30.76,16.21,15.56,30.630000000000003,15.070000000000002,0.04105148460909834,0.6186458730591121
2026-04-23 08:40:00,968,370.9,30.56,30.82,16.21,15.52,30.689999999999998,15.169999999999998,0.040900512267457535,0.6204607710973307
2026-04-23 08:41:00,969,375.3,30.61,30.87,16.22,15.57,30.740000000000002,15.170000000000002,0.04042099653610445,0.6131865174527046
2026-04-23 08:42:00,970,379.2,30.67,30.93,16.21,15.66,30.8,15.14,0.039926160337552745,0.6044820675105486
2026-04-23 08:43:00,971,382.0,30.72,30.99,16.22,15.76,30.854999999999997,15.094999999999997,0.03951570680628271,0.5964895942408375
2026-04-23 08:44:00,972,385.7,30.77,31.04,16.23,16.0,30.905,14.905000000000001,0.03864402385273529,0.5759891755250196
2026-04-23 08:45:00,973,389.6,30.83,31.1,16.23,16.11,30.965,14.855,0.03812885010266941,0.566404068275154
2026-04-23 08:46:00,974,394.1,30.88,31.16,16.21,16.07,31.02,14.95,0.03793453438213651,0.5671212890129408
2026-04-23 08:47:00,975,398.4,30.93,31.22,16.21,16.11,31.075,14.965,0.037562751004016064,0.5621265687751004
2026-04-23 08:48:00,976,403.4,30.99,31.27,16.23,16.27,31.13,14.86,0.0368368864650471,0.5473961328705998
2026-04-23 08:49:00,977,408.7,31.05,31.33,16.21,16.28,31.189999999999998,14.909999999999997,0.03648152679226816,0.5439395644727182
2026-04-23 08:50:00,978,414.0,31.11,31.4,16.21,16.29,31.255,14.965,0.036147342995169085,0.5409449879227053
2026-04-23 08:51:00,979,418.6,31.17,31.46,16.2,16.3,31.315,15.015,0.035869565217391305,0.5385815217391304
2026-04-23 08:52:00,980,422.7,31.22,31.52,16.21,16.55,31.369999999999997,14.819999999999997,0.03506032647267565,0.519594038325053
2026-04-23 08:53:00,981,427.5,31.3,31.6,16.2,16.73,31.450000000000003,14.720000000000002,0.034432748538011704,0.5068500584795324
2026-04-23 08:54:00,982,430.9,31.36,31.66,16.22,16.96,31.509999999999998,14.549999999999997,0.033766535158969595,0.49130308656300753
2026-04-23 08:55:00,983,434.9,31.42,31.73,16.2,16.88,31.575000000000003,14.695000000000004,0.03378937686824558,0.496534893078869
2026-04-23 08:56:00,984,438.9,31.48,31.79,16.22,16.78,31.634999999999998,14.854999999999997,0.03384597858282068,0.5027820118478011
2026-04-23 08:57:00,985,442.4,31.54,31.86,16.22,16.69,31.7,15.009999999999998,0.033928571428571426,0.509267857142857
2026-04-23 08:58:00,986,446.4,31.6,31.92,16.23,16.38,31.76,15.380000000000003,0.03445340501792116,0.5298933691756275
2026-04-23 08:59:00,987,450.5,31.67,31.98,16.21,16.37,31.825000000000003,15.455000000000002,0.03430632630410655,0.5302042730299669
2026-04-23 09:00:00,988,455.5,31.73,32.04,16.23,16.62,31.884999999999998,15.264999999999997,0.03351262349066959,0.5115701975850712
2026-04-23 09:01:00,989,459.5,31.79,32.11,16.22,16.65,31.95,15.3,0.03329706202393907,0.5094450489662677
2026-04-23 09:02:00,990,464.1,31.86,32.17,16.19,16.84,32.015,15.175,0.03269769446240035,0.49618751346692525
2026-04-23 09:03:00,991,468.4,31.9,32.22,16.19,17.1,32.06,14.96,0.031938514090520925,0.4778001707941931
2026-04-23 09:04:00,992,472.9,31.97,32.3,16.22,17.22,32.135,14.915,0.03153943751321633,0.4704107105096214
2026-04-23 09:05:00,993,477.2,32.04,32.36,16.2,17.23,32.2,14.970000000000002,0.03137049455155072,0.46961630343671434
2026-04-23 09:06:00,994,481.5,32.1,32.43,16.22,17.41,32.265,14.855,0.030851505711318797,0.45829911734164075
2026-04-23 09:07:00,995,485.0,32.16,32.49,16.23,17.21,32.325,15.115000000000002,0.031164948453608253,0.4710581958762888
2026-04-23 09:08:00,996,489.4,32.23,32.56,16.23,17.1,32.394999999999996,15.294999999999995,0.03125255414793624,0.4780078156926846
2026-04-23 09:09:00,997,494.2,32.29,32.63,16.21,17.03,32.46,15.43,0.03122217725617159,0.48175819506272766
2026-04-23 09:10:00,998,498.1,32.36,32.7,16.22,16.83,32.53,15.700000000000003,0.031519775145553104,0.4948604697851839
2026-04-23 09:11:00,999,501.4,32.43,32.77,16.24,16.72,32.6,15.880000000000003,0.03167132030315118,0.5029405664140408
2026-04-23 09:12:00,1000,505.5,32.49,32.83,16.24,16.98,32.66,15.679999999999996,0.031018793273986146,0.4863746785361026
2026-04-23 09:13:00,1001,509.9,32.55,32.9,16.23,17.2,32.724999999999994,15.524999999999995,0.03044714649931358,0.4726919494018432
2026-04-23 09:14:00,1002,515.2,32.64,32.99,16.21,17.46,32.815,15.354999999999997,0.029803959627329183,0.4576398000776395
2026-04-23 09:15:00,1003,519.8,32.71,33.06,16.21,17.55,32.885000000000005,15.335000000000004,0.029501731435167385,0.452409051558292
2026-04-23 09:16:00,1004,522.9,32.77,33.13,16.23,17.78,32.95,15.170000000000002,0.029011283228150702,0.4401011665710462
2026-04-23 09:17:00,1005,525.6,32.83,33.2,16.19,18.14,33.015,14.875,0.028300989345509894,0.42097721651445963
2026-04-23 09:18:00,1006,529.4,32.9,33.27,16.21,18.4,33.085,14.685000000000002,0.027738949754438993,0.4073464771439367
2026-04-23 09:19:00,1007,533.6,32.97,33.35,16.22,18.67,33.16,14.489999999999995,0.027155172413793092,0.39347844827586176
2026-04-23 09:20:00,1008,537.7,33.02,33.41,16.22,18.88,33.215,14.335000000000004,0.026659847498605175,0.38216891389250535
2026-04-23 09:21:00,1009,541.1,33.09,33.48,16.24,18.99,33.285,14.294999999999998,0.02641840694880798,0.37765112733321
2026-04-23 09:22:00,1010,545.4,33.16,33.56,16.25,19.17,33.36,14.189999999999998,0.026017601760176014,0.3691897689768976
2026-04-23 09:23:00,1011,549.8,33.23,33.63,16.25,19.25,33.43,14.18,0.02579119679883594,0.36571917060749365
2026-04-23 09:24:00,1012,553.0,33.3,33.71,16.26,19.59,33.504999999999995,13.914999999999996,0.025162748643761293,0.3501396473779383
2026-04-23 09:25:00,1013,556.9,33.36,33.78,16.27,19.89,33.57,13.68,0.024564553779852758,0.3360430957083857
2026-04-23 09:26:00,1014,560.8,33.46,33.89,16.28,19.73,33.675,13.944999999999997,0.024866262482168326,0.34676003031383723
2026-04-23 09:27:00,1015,564.6,33.54,33.97,16.29,19.5,33.754999999999995,14.254999999999995,0.025247963159759114,0.359909714842366
2026-04-23 09:28:00,1016,568.2,33.62,34.06,16.28,18.92,33.84,14.920000000000002,0.02625835973248856,0.3917747272087294
2026-04-23 09:29:00,1017,571.5,33.69,34.13,16.26,18.43,33.91,15.479999999999997,0.02708661417322834,0.4193007874015746
2026-04-23 09:30:00,1018,576.0,33.78,34.21,16.25,18.28,33.995000000000005,15.715000000000003,0.027282986111111115,0.4287521267361113
2026-04-23 09:31:00,1019,579.9,33.86,34.29,16.23,18.67,34.075,15.405000000000001,0.026564924987066738,0.40923266942576314
2026-04-23 09:32:00,1020,583.5,33.94,34.38,16.26,19.19,34.16,14.969999999999995,0.02565552699228791,0.38406323907454987
2026-04-23 09:33:00,1021,586.5,34.01,34.45,16.24,19.52,34.230000000000004,14.710000000000004,0.02508098891730606,0.3689413469735723
2026-04-23 09:34:00,1022,590.5,34.09,34.53,16.23,19.66,34.31,14.650000000000002,0.024809483488569012,0.3634589331075361
2026-04-23 09:35:00,1023,593.9,34.17,34.62,16.23,19.77,34.394999999999996,14.624999999999996,0.02462535780434416,0.36014585788853326
2026-04-23 09:36:00,1024,597.4,34.25,34.7,16.21,19.7,34.475,14.775000000000002,0.024732172748577173,0.3654178523602278
2026-04-23 09:37:00,1025,602.0,34.34,34.78,16.24,19.75,34.56,14.810000000000002,0.02460132890365449,0.36434568106312304
2026-04-23 09:38:00,1026,607.0,34.42,34.86,16.25,19.76,34.64,14.879999999999999,0.024514003294892915,0.3647683690280065
2026-04-23 09:39:00,1027,612.1,34.51,34.95,16.25,19.56,34.730000000000004,15.170000000000005,0.024783532102597622,0.3759661819964061
2026-04-23 09:40:00,1028,616.0,34.6,35.05,16.26,19.73,34.825,15.095000000000002,0.024504870129870134,0.3699010146103897
2026-04-23 09:41:00,1029,619.5,34.67,35.12,16.25,19.94,34.894999999999996,14.954999999999995,0.02414043583535108,0.3610202179176753
2026-04-23 09:42:00,1030,622.5,34.75,35.21,16.26,20.39,34.980000000000004,14.590000000000003,0.02343775100401607,0.34195678714859457
2026-04-23 09:43:00,1031,624.6,34.83,35.29,16.23,20.81,35.06,14.250000000000004,0.022814601344860717,0.3251080691642653
2026-04-23 09:44:00,1032,626.2,34.91,35.37,16.27,20.93,35.14,14.21,0.02269243053337592,0.32245943787927184
2026-04-23 09:45:00,1033,630.1,34.99,35.46,16.24,21.01,35.225,14.215,0.02255991112521822,0.320689136644977
2026-04-23 09:46:00,1034,632.6,35.08,35.55,16.23,21.1,35.315,14.214999999999996,0.02247075561176098,0.31942179102118223
2026-04-23 09:47:00,1035,635.4,35.16,35.64,16.25,21.23,35.4,14.169999999999998,0.022300912810827824,0.3160039345294302
2026-04-23 09:48:00,1036,640.2,35.25,35.73,16.25,21.45,35.489999999999995,14.039999999999996,0.021930646672914705,0.3079062792877224
2026-04-23 09:49:00,1037,643.7,35.34,35.83,16.24,21.69,35.585,13.895,0.021586142613018486,0.2999394516078918
2026-04-23 09:50:00,1038,647.7,35.43,35.93,16.25,21.82,35.68,13.86,0.021398795738767944,0.2965873089393237
2026-04-23 09:51:00,1039,651.1,35.5,36.0,16.23,21.87,35.75,13.879999999999999,0.021317769927814464,0.2958906465980648
2026-04-23 09:52:00,1040,654.8,35.61,36.11,16.24,21.93,35.86,13.93,0.021273671350030544,0.29634224190592545
2026-04-23 09:53:00,1041,659.1,35.7,36.2,16.25,21.42,35.95,14.530000000000001,0.022045213169473526,0.32031694735245037
2026-04-23 09:54:00,1042,662.8,35.8,36.31,16.26,20.83,36.055,15.225000000000001,0.02297073023536512,0.349729367833434
2026-04-23 09:55:00,1043,665.4,35.89,36.4,16.25,20.67,36.144999999999996,15.474999999999994,0.023256687706642614,0.35989724226029435
2026-04-23 09:56:00,1044,667.8,35.98,36.49,16.26,20.36,36.235,15.875,0.023772087451332736,0.3773818882899072
2026-04-23 09:57:00,1045,669.8,36.06,36.57,16.27,20.15,36.315,16.165,0.024134069871603464,0.39012723947447
2026-04-23 09:58:00,1046,671.2,36.16,36.67,16.28,19.92,36.415,16.494999999999997,0.024575387365911795,0.405371014600715
2026-04-23 09:59:00,1047,673.7,36.26,36.77,16.26,20.09,36.515,16.425,0.02438028796200089,0.4004462297758647
2026-04-23 10:00:00,1048,677.9,36.36,36.86,16.29,20.07,36.61,16.54,0.024398878890691842,0.4035574568520431
2026-04-23 10:01:00,1049,682.0,36.44,36.96,16.29,20.27,36.7,16.430000000000003,0.024090909090909097,0.39581363636363653
2026-04-23 10:02:00,1050,685.7,36.54,37.05,16.3,20.51,36.795,16.285,0.02374945311360653,0.3867598439550824
2026-04-23 10:03:00,1051,688.5,36.63,37.15,16.27,20.71,36.89,16.18,0.023500363108206246,0.38023587509077705
2026-04-23 10:04:00,1052,691.6,36.73,37.26,16.29,20.95,36.995,16.044999999999998,0.02319982648930017,0.37224121602082116
2026-04-23 10:05:00,1053,693.5,36.83,37.35,16.3,21.08,37.09,16.010000000000005,0.023085796683489552,0.3696036049026678
2026-04-23 10:06:00,1054,696.3,36.93,37.45,16.31,21.54,37.19,15.649999999999999,0.022475944276892142,0.35174852793336203
2026-04-23 10:07:00,1055,699.3,37.02,37.55,16.28,22.04,37.285,15.244999999999997,0.0218003718003718,0.332346668096668
2026-04-23 10:08:00,1056,702.6,37.11,37.65,16.29,22.48,37.379999999999995,14.899999999999995,0.02120694563051522,0.3159834898946767
2026-04-23 10:09:00,1057,706.4,37.19,37.74,16.28,22.8,37.465,14.665000000000003,0.02076019252548132,0.30444822338618355
2026-04-23 10:10:00,1058,708.4,37.29,37.84,16.27,22.13,37.565,15.434999999999999,0.021788537549407114,0.33630607707509874
2026-04-23 10:11:00,1059,710.0,37.4,37.95,16.24,21.48,37.675,16.194999999999997,0.022809859154929574,0.3694056690140844
2026-04-23 10:12:00,1060,712.7,37.51,38.06,16.23,21.06,37.785,16.724999999999998,0.02346709695524063,0.39248719657639947
2026-04-23 10:13:00,1061,714.7,37.63,38.18,16.23,21.12,37.905,16.785,0.02348537848048132,0.3942020777948789
2026-04-23 10:14:00,1062,716.8,37.83,38.35,16.25,21.31,38.09,16.780000000000005,0.02340959821428572,0.39281305803571454
2026-04-23 10:15:00,1063,720.7,37.95,38.47,16.25,21.73,38.21,16.48,0.02286665741640072,0.3768425142222839
2026-04-23 10:16:00,1064,723.1,38.01,38.56,16.25,22.3,38.285,15.984999999999996,0.022106209376296496,0.35336775688009936
2026-04-23 10:17:00,1065,725.7,38.08,38.64,16.25,22.78,38.36,15.579999999999998,0.021468926553672312,0.3344858757062146
2026-04-23 10:18:00,1066,730.0,38.17,38.73,16.26,23.16,38.45,15.290000000000003,0.02094520547945206,0.32025219178082204
2026-04-23 10:19:00,1067,733.6,38.26,38.82,16.28,23.47,38.54,15.07,0.020542529989094876,0.3095759269356598
2026-04-23 10:20:00,1068,735.4,38.35,38.91,16.27,23.25,38.629999999999995,15.379999999999995,0.02091378841446831,0.3216540658145225
2026-04-23 10:21:00,1069,737.9,38.44,39.02,16.28,23.01,38.730000000000004,15.720000000000002,0.02130369968830465,0.3348941591001492
2026-04-23 10:22:00,1070,738.8,38.55,39.12,16.28,23.08,38.834999999999994,15.754999999999995,0.02132512181916621,0.33597729426096357
2026-04-23 10:23:00,1071,740.8,38.65,39.23,16.27,23.2,38.94,15.739999999999998,0.02124730021598272,0.334432505399568
2026-04-23 10:24:00,1072,742.9,38.74,39.33,16.22,23.47,39.035,15.564999999999998,0.02095167586485395,0.32611283483645165
2026-04-23 10:25:00,1073,745.5,38.85,39.43,16.23,23.19,39.14,15.95,0.021395036887994632,0.3412508383635144
2026-04-23 10:26:00,1074,748.1,38.94,39.53,16.19,22.74,39.235,16.495,0.022049191284587624,0.3637014102392728
2026-04-23 10:27:00,1075,749.9,39.04,39.63,16.22,22.68,39.335,16.655,0.022209627950393388,0.36990135351380193
2026-04-23 10:28:00,1076,751.5,39.16,39.75,16.21,22.45,39.455,17.005,0.02262807717897538,0.3847904524284763
2026-04-23 10:29:00,1077,754.3,39.26,39.85,16.23,22.38,39.555,17.175,0.02276945512395599,0.3910653917539441
2026-04-23 10:30:00,1078,756.3,39.37,39.95,16.23,21.82,39.66,17.839999999999996,0.023588523072854684,0.4208192516197275
2026-04-23 10:31:00,1079,758.3,39.49,40.06,16.23,21.07,39.775000000000006,18.705000000000005,0.024667018330476072,0.461396577871555
2026-04-23 10:32:00,1080,760.9,39.59,40.16,16.25,21.09,39.875,18.785,0.02468786962807202,0.46376163096333295
2026-04-23 10:33:00,1081,763.1,39.7,40.26,16.24,21.06,39.980000000000004,18.920000000000005,0.02479360503210589,0.46909500720744357
2026-04-23 10:34:00,1082,767.4,39.82,40.38,16.26,21.22,40.1,18.880000000000003,0.024602554078707328,0.46449622100599436
2026-04-23 10:35:00,1083,768.8,39.92,40.49,16.23,21.68,40.205,18.525,0.02409599375650364,0.44637828433922994
2026-04-23 10:36:00,1084,771.2,40.02,40.59,16.26,21.92,40.30500000000001,18.385000000000005,0.023839470954356852,0.4382886734958509
2026-04-23 10:37:00,1085,773.2,40.12,40.71,16.25,22.34,40.415,18.075,0.023376875323331606,0.4225370214692188
2026-04-23 10:38:00,1086,775.4,40.21,40.81,16.27,22.88,40.510000000000005,17.630000000000006,0.02273665205055456,0.40084717565127703
2026-04-23 10:39:00,1087,775.8,40.31,40.91,16.26,23.39,40.61,17.22,0.02219644238205723,0.3822227378190255
2026-04-23 10:40:00,1088,777.0,40.39,41.0,16.25,23.81,40.695,16.885,0.021731016731016732,0.3669282175032176
2026-04-23 10:41:00,1089,780.9,40.5,41.11,16.27,23.99,40.805,16.815,0.021532846715328468,0.3620748175182482
2026-04-23 10:42:00,1090,784.8,40.6,41.22,16.24,23.97,40.91,16.939999999999998,0.02158511722731906,0.36565188583078484
2026-04-23 10:43:00,1091,785.3,40.7,41.32,16.25,23.75,41.010000000000005,17.260000000000005,0.021978861581561194,0.37935515089774635
2026-04-23 10:44:00,1092,786.6,40.81,41.44,16.26,23.35,41.125,17.775,0.022597254004576656,0.40166618993135006
2026-04-23 10:45:00,1093,787.5,40.91,41.54,16.25,23.1,41.224999999999994,18.124999999999993,0.023015873015873007,0.41716269841269804
2026-04-23 10:46:00,1094,786.8,41.02,41.65,16.26,22.48,41.335,18.855,0.02396415861718353,0.4518442107269955
2026-04-23 10:47:00,1095,788.9,41.14,41.75,16.26,22.45,41.445,18.995,0.024077829889719866,0.4573583787552289
2026-04-23 10:48:00,1096,791.5,41.26,41.88,16.24,22.39,41.57,19.18,0.02423246999368288,0.4647787744788376
2026-04-23 10:49:00,1097,796.2,41.37,41.98,16.25,22.51,41.675,19.164999999999996,0.024070585280080374,0.4613127668927403
2026-04-23 10:50:00,1098,798.7,41.47,42.09,16.24,22.97,41.78,18.810000000000002,0.023550770001252035,0.4429899837235508
2026-04-23 10:51:00,1099,803.0,41.58,42.2,16.25,22.87,41.89,19.02,0.023686176836861767,0.4505110834371108
2026-04-23 10:52:00,1100,804.0,41.69,42.31,16.27,22.42,42.0,19.58,0.02435323383084577,0.4768363184079601
2026-04-23 10:53:00,1101,805.0,41.79,42.42,16.27,22.74,42.105000000000004,19.365000000000006,0.02405590062111802,0.4658425155279506
2026-04-23 10:54:00,1102,806.0,41.91,42.52,16.3,23.09,42.215,19.125000000000004,0.023728287841191072,0.4538035049627793
2026-04-23 10:55:00,1103,808.0,42.02,42.64,16.31,23.32,42.33,19.009999999999998,0.023527227722772274,0.4472525990099009
2026-04-23 10:56:00,1104,810.0,42.12,42.74,16.28,23.16,42.43,19.27,0.023790123456790123,0.45843567901234566
2026-04-23 10:57:00,1105,811.0,42.23,42.86,16.28,23.06,42.545,19.485000000000003,0.02402589395807645,0.46814454377311976
2026-04-23 10:58:00,1106,813.0,42.33,42.97,16.3,23.47,42.65,19.18,0.023591635916359162,0.45248757687576874
2026-04-23 10:59:00,1107,815.0,42.44,43.07,16.29,23.95,42.754999999999995,18.804999999999996,0.023073619631901836,0.43389941717791397
2026-04-23 11:00:00,1108,818.0,42.54,43.18,16.28,24.35,42.86,18.509999999999998,0.022628361858190706,0.41885097799510995
2026-04-23 11:01:00,1109,819.0,42.65,43.29,16.3,24.61,42.97,18.36,0.02241758241758242,0.4115868131868131
2026-04-23 11:02:00,1110,821.0,42.76,43.4,16.29,24.56,43.08,18.52,0.022557856272838003,0.4177714981729598
2026-04-23 11:03:00,1111,824.0,42.86,43.51,16.3,23.89,43.185,19.295,0.023416262135922333,0.4518167779126214
2026-04-23 11:04:00,1112,826.0,42.98,43.62,16.29,23.59,43.3,19.709999999999997,0.02386198547215496,0.4703197336561742
2026-04-23 11:05:00,1113,828.0,43.1,43.74,16.31,23.86,43.42,19.560000000000002,0.023623188405797104,0.4620695652173914
2026-04-23 11:06:00,1114,832.0,43.19,43.84,16.31,23.52,43.515,19.995,0.024032451923076924,0.48052887620192314
2026-04-23 11:07:00,1115,834.0,43.31,43.95,16.3,23.69,43.63,19.94,0.02390887290167866,0.47674292565947246
2026-04-23 11:08:00,1116,836.0,43.42,44.06,16.32,23.67,43.74,20.07,0.024007177033492824,0.481824043062201
2026-04-23 11:09:00,1117,837.0,43.54,44.18,16.32,23.87,43.86,19.99,0.02388291517323775,0.4774194743130226
2026-04-23 11:10:00,1118,841.0,43.65,44.29,16.28,23.91,43.97,20.06,0.023852556480380496,0.47848228299643275
2026-04-23 11:11:00,1119,843.0,43.75,44.39,16.3,23.77,44.07,20.3,0.024080664294187426,0.48883748517200476
2026-04-23 11:12:00,1120,840.0,43.86,44.49,16.3,23.16,44.175,21.014999999999997,0.02501785714285714,0.5257502678571427
2026-04-23 11:13:00,1121,843.0,43.99,44.61,16.29,22.04,44.3,22.259999999999998,0.026405693950177934,0.5877907473309607
2026-04-23 11:14:00,1122,847.0,44.09,44.7,16.29,21.42,44.395,22.975,0.027125147579693035,0.6232002656434475
2026-04-23 11:15:00,1123,849.0,44.21,44.81,16.32,21.18,44.510000000000005,23.330000000000005,0.02747938751472321,0.6410941107184926
2026-04-23 11:16:00,1124,850.0,44.32,44.92,16.29,21.34,44.620000000000005,23.280000000000005,0.027388235294117654,0.6375981176470591
2026-04-23 11:17:00,1125,850.0,44.42,45.01,16.27,21.61,44.715,23.105000000000004,0.027182352941176477,0.6280482647058826
2026-04-23 11:18:00,1126,853.0,44.56,45.14,16.29,21.48,44.85,23.37,0.02739742086752638,0.6402777256740915
2026-04-23 11:19:00,1127,855.0,44.65,45.24,16.28,21.63,44.945,23.315,0.027269005847953217,0.6357768713450294
2026-04-23 11:20:00,1128,855.0,44.73,45.32,16.26,21.8,45.025,23.224999999999998,0.027163742690058477,0.630877923976608
2026-04-23 11:21:00,1129,856.0,44.84,45.43,16.25,22.24,45.135000000000005,22.895000000000007,0.026746495327102812,0.612361010514019
2026-04-23 11:22:00,1130,857.0,44.94,45.53,16.23,22.86,45.235,22.375,0.026108518086347725,0.5841780921820303
2026-04-23 11:23:00,1131,857.0,45.03,45.65,16.24,23.54,45.34,21.800000000000004,0.025437572928821477,0.5545390898483082
2026-04-23 11:24:00,1132,856.0,45.14,45.75,16.27,24.11,45.445,21.335,0.024924065420560748,0.5317549357476635
2026-04-23 11:25:00,1133,856.0,45.23,45.83,16.28,23.69,45.53,21.84,0.025514018691588786,0.557226168224299
2026-04-23 11:26:00,1134,855.0,45.33,45.94,16.27,22.84,45.635,22.794999999999998,0.02666081871345029,0.6077333625730993
2026-04-23 11:27:00,1135,856.0,45.44,46.05,16.24,23.18,45.745,22.564999999999998,0.026360981308411212,0.594835543224299
2026-04-23 11:28:00,1136,858.0,45.52,46.15,16.26,23.72,45.835,22.115000000000002,0.025775058275058278,0.5700154137529139
2026-04-23 11:29:00,1137,859.0,45.62,46.26,16.26,24.22,45.94,21.72,0.02528521536670547,0.5491948777648428
2026-04-23 11:30:00,1138,861.0,45.73,46.36,16.26,24.64,46.045,21.405,0.02486062717770035,0.5321417247386759
2026-04-23 11:31:00,1139,865.0,45.83,46.47,16.26,24.83,46.15,21.32,0.024647398843930635,0.5254825433526011
2026-04-23 11:32:00,1140,868.0,45.94,46.59,16.24,25.11,46.265,21.155,0.024372119815668204,0.5155921947004609
2026-04-23 11:33:00,1141,870.0,46.05,46.7,16.27,25.5,46.375,20.875,0.02399425287356322,0.5008800287356322
2026-04-23 11:34:00,1142,871.0,46.14,46.8,16.27,25.6,46.47,20.869999999999997,0.0239609644087256,0.5000653272101032
2026-04-23 11:35:00,1143,872.0,46.25,46.91,16.25,25.13,46.58,21.45,0.02459862385321101,0.5276404816513761
2026-04-23 11:36:00,1144,872.0,46.36,47.01,16.25,24.59,46.685,22.095000000000002,0.02533830275229358,0.5598497993119268
2026-04-23 11:37:00,1145,876.0,46.49,47.14,16.24,24.48,46.815,22.334999999999997,0.02549657534246575,0.5694660102739725
2026-04-23 11:38:00,1146,875.0,46.58,47.23,16.24,24.36,46.905,22.545,0.025765714285714288,0.5808880285714286
2026-04-23 11:39:00,1147,877.0,46.7,47.35,16.26,24.34,47.025000000000006,22.685000000000006,0.025866590649942994,0.586783608893957
2026-04-23 11:40:00,1148,882.0,46.81,47.44,16.26,24.55,47.125,22.575,0.025595238095238095,0.5778125
2026-04-23 11:41:00,1149,885.0,46.91,47.56,16.25,24.94,47.235,22.294999999999998,0.025192090395480225,0.5616576553672316
2026-04-23 11:42:00,1150,886.0,47.02,47.67,16.24,25.29,47.345,22.055,0.02489277652370203,0.5490101862302483
2026-04-23 11:43:00,1151,889.0,47.11,47.76,16.26,25.46,47.435,21.975,0.02471878515185602,0.5431953037120361
2026-04-23 11:44:00,1152,885.0,47.22,47.87,16.27,25.35,47.545,22.195,0.02507909604519774,0.5566305367231639
2026-04-23 11:45:00,1153,888.0,47.32,47.97,16.26,25.24,47.644999999999996,22.404999999999998,0.02523085585585585,0.5652973254504503
2026-04-23 11:46:00,1154,891.0,47.44,48.09,16.28,25.33,47.765,22.435000000000002,0.02517957351290685,0.5649037317620652
2026-04-23 11:47:00,1155,891.0,47.53,48.18,16.26,25.29,47.855000000000004,22.565000000000005,0.025325476992143665,0.5714693883277219
2026-04-23 11:48:00,1156,892.0,47.65,48.31,16.27,25.25,47.980000000000004,22.730000000000004,0.025482062780269064,0.5792072869955158
2026-04-23 11:49:00,1157,891.0,47.74,48.39,16.26,25.59,48.065,22.474999999999998,0.025224466891133557,0.5669198933782266
2026-04-23 11:50:00,1158,893.0,47.84,48.5,16.26,25.78,48.17,22.39,0.02507278835386338,0.5613797312430012
2026-04-23 11:51:00,1159,895.0,47.95,48.61,16.27,26.04,48.28,22.240000000000002,0.024849162011173185,0.5526453631284918
2026-04-23 11:52:00,1160,896.0,48.06,48.72,16.23,26.16,48.39,22.23,0.024810267857142857,0.5515322544642858
2026-04-23 11:53:00,1161,898.0,48.15,48.81,16.27,26.07,48.480000000000004,22.410000000000004,0.024955456570155906,0.5592517817371939
2026-04-23 11:54:00,1162,900.0,48.28,48.92,16.27,25.67,48.6,22.93,0.025477777777777776,0.5842054444444444
2026-04-23 11:55:00,1163,900.0,48.36,49.0,16.23,25.15,48.68,23.53,0.026144444444444446,0.6151787777777779
2026-04-23 11:56:00,1164,902.0,48.49,49.13,16.23,24.69,48.81,24.12,0.026740576496674058,0.6449827050997783
2026-04-23 11:57:00,1165,905.0,48.6,49.24,16.24,24.82,48.92,24.1,0.02662983425414365,0.6417790055248619
2026-04-23 11:58:00,1166,906.0,48.73,49.37,16.23,25.1,49.05,23.949999999999996,0.026434878587196464,0.6331153421633552
2026-04-23 11:59:00,1167,905.0,48.82,49.46,16.24,25.51,49.14,23.63,0.026110497237569058,0.6169910497237568
2026-04-23 12:00:00,1168,909.0,48.92,49.56,16.27,25.73,49.24,23.51,0.025863586358635865,0.6080529152915293
2026-04-23 12:01:00,1169,908.0,49.03,49.67,16.26,25.58,49.35,23.770000000000003,0.026178414096916302,0.6222609030837006
2026-04-23 12:02:00,1170,903.0,49.12,49.77,16.26,25.5,49.445,23.945,0.026517165005537097,0.6349535160575858
2026-04-23 12:03:00,1171,902.0,49.21,49.85,16.25,25.44,49.53,24.09,0.02670731707317073,0.6433792682926829
2026-04-23 12:04:00,1172,904.0,49.31,49.94,16.24,25.25,49.625,24.375,0.02696349557522124,0.6572352046460177
2026-04-23 12:05:00,1173,902.0,49.42,50.05,16.24,25.28,49.735,24.455,0.027111973392461197,0.6630233093126385
2026-04-23 12:06:00,1174,901.0,49.52,50.15,16.25,25.61,49.835,24.225,0.02688679245283019,0.6513325471698114
2026-04-23 12:07:00,1175,899.0,49.62,50.25,16.24,25.92,49.935,24.015,0.02671301446051168,0.641513042269188
2026-04-23 12:08:00,1176,899.0,49.74,50.37,16.23,26.1,50.055,23.955,0.02664627363737486,0.6383114849833147
2026-04-23 12:09:00,1177,894.0,49.83,50.45,16.25,26.07,50.14,24.07,0.026923937360178972,0.6480591722595078
2026-04-23 12:10:00,1178,897.0,49.91,50.53,16.23,26.14,50.22,24.08,0.02684503901895206,0.6464285395763656
2026-04-23 12:11:00,1179,901.0,50.0,50.62,16.25,26.31,50.31,24.000000000000004,0.02663706992230855,0.6392896781354054
2026-04-23 12:12:00,1180,902.0,50.11,50.74,16.28,26.56,50.425,23.865,0.026457871396895784,0.6314171008869178
2026-04-23 12:13:00,1181,902.0,50.2,50.84,16.25,26.67,50.52,23.85,0.026441241685144126,0.6306236141906875
2026-04-23 12:14:00,1182,901.0,50.33,50.96,16.26,26.7,50.644999999999996,23.944999999999997,0.02657602663706992,0.6363629578246391
2026-04-23 12:15:00,1183,898.0,50.4,51.03,16.27,26.55,50.715,24.165000000000003,0.026909799554565704,0.6502753062360803
2026-04-23 12:16:00,1184,901.0,50.5,51.12,16.26,26.43,50.81,24.380000000000003,0.027058823529411767,0.659694117647059
2026-04-23 12:17:00,1185,906.0,50.58,51.21,16.26,26.7,50.894999999999996,24.194999999999997,0.02670529801324503,0.6461346854304634
2026-04-23 12:18:00,1186,903.0,50.68,51.3,16.26,26.85,50.989999999999995,24.139999999999993,0.026733111849390912,0.6453373200442964
2026-04-23 12:19:00,1187,897.0,50.78,51.4,16.22,27.02,51.09,24.070000000000004,0.02683389074693423,0.6458917502787069
2026-04-23 12:20:00,1188,896.0,50.87,51.49,16.26,27.28,51.18,23.9,0.026674107142857142,0.6375111607142856
2026-04-23 12:21:00,1189,901.0,50.97,51.59,16.26,27.38,51.28,23.900000000000002,0.026526082130965595,0.6339733629300779
2026-04-23 12:22:00,1190,909.0,51.06,51.68,16.23,27.15,51.370000000000005,24.220000000000006,0.02664466446644665,0.6453337733773381
2026-04-23 12:23:00,1191,900.0,51.14,51.77,16.25,27.04,51.455,24.415,0.02712777777777778,0.6623246944444444
2026-04-23 12:24:00,1192,892.0,51.26,51.87,16.26,27.13,51.565,24.435,0.02739349775784753,0.6693601177130044
2026-04-23 12:25:00,1193,898.0,51.34,51.96,16.24,27.34,51.650000000000006,24.310000000000006,0.027071269487750564,0.6581025612472163
2026-04-23 12:26:00,1194,902.0,51.45,52.06,16.26,27.47,51.755,24.285000000000004,0.026923503325942354,0.6538372782705102
2026-04-23 12:27:00,1195,907.0,51.54,52.16,16.25,27.17,51.849999999999994,24.679999999999993,0.027210584343991172,0.6715572216097019
2026-04-23 12:28:00,1196,903.0,51.62,52.24,16.26,27.22,51.93,24.71,0.027364341085271318,0.6761728682170544
2026-04-23 12:29:00,1197,907.0,51.71,52.33,16.26,27.5,52.019999999999996,24.519999999999996,0.027034178610804847,0.6628780595369347
2026-04-23 12:30:00,1198,907.0,51.82,52.45,16.28,27.63,52.135000000000005,24.505000000000006,0.027017640573318638,0.6620672822491734
2026-04-23 12:31:00,1199,901.0,51.91,52.52,16.25,27.72,52.215,24.495000000000005,0.027186459489456166,0.665932325194229
2026-04-23 12:32:00,1200,908.0,52.0,52.61,16.26,27.67,52.305,24.634999999999998,0.027131057268722465,0.6683735958149779
2026-04-23 12:33:00,1201,911.0,52.09,52.7,16.27,27.61,52.395,24.785000000000004,0.027206366630076844,0.6743097969264547
2026-04-23 12:34:00,1202,915.0,52.18,52.8,16.26,27.34,52.489999999999995,25.149999999999995,0.027486338797814203,0.691281420765027
2026-04-23 12:35:00,1203,915.0,52.27,52.89,16.28,27.36,52.58,25.22,0.027562841530054644,0.695134863387978
2026-04-23 12:36:00,1204,911.0,52.37,52.99,16.28,27.65,52.68,25.03,0.02747530186608123,0.6877068057080131
2026-04-23 12:37:00,1205,908.0,52.48,53.1,16.29,27.87,52.79,24.919999999999998,0.027444933920704843,0.6839277533039646
2026-04-23 12:38:00,1206,905.0,52.58,53.18,16.3,27.94,52.879999999999995,24.939999999999994,0.02755801104972375,0.6872967955801101
2026-04-23 12:39:00,1207,900.0,52.66,53.26,16.29,28.09,52.959999999999994,24.869999999999994,0.027633333333333326,0.6872409999999997
2026-04-23 12:40:00,1208,904.0,52.75,53.35,16.29,27.75,53.05,25.299999999999997,0.02798672566371681,0.7080641592920351
2026-04-23 12:41:00,1209,907.0,52.84,53.44,16.27,27.49,53.14,25.650000000000002,0.0282800441014333,0.7253831312017642
2026-04-23 12:42:00,1210,910.0,52.93,53.53,16.27,27.34,53.230000000000004,25.890000000000004,0.028450549450549454,0.7365847252747255
2026-04-23 12:43:00,1211,912.0,53.02,53.63,16.26,27.28,53.325,26.045,0.02855811403508772,0.7437960800438597
2026-04-23 12:44:00,1212,910.0,53.13,53.74,16.25,27.23,53.435,26.205000000000002,0.028796703296703297,0.75461760989011
2026-04-23 12:45:00,1213,915.0,53.21,53.82,16.27,27.24,53.515,26.275000000000002,0.028715846994535523,0.7545088797814209
2026-04-23 12:46:00,1214,914.0,53.28,53.89,16.29,27.19,53.585,26.395,0.02887855579868709,0.7622494803063457
2026-04-23 12:47:00,1215,911.0,53.39,53.99,16.28,27.18,53.69,26.509999999999998,0.029099890230515915,0.7714380900109769
2026-04-23 12:48:00,1216,912.0,53.46,54.06,16.29,27.24,53.760000000000005,26.520000000000007,0.02907894736842106,0.7711736842105267
2026-04-23 12:49:00,1217,912.0,53.56,54.15,16.3,27.27,53.855000000000004,26.585000000000004,0.029150219298245617,0.77495858004386
2026-04-23 12:50:00,1218,906.0,53.64,54.23,16.3,26.51,53.935,27.425,0.030270419426048564,0.8301662527593819
2026-04-23 12:51:00,1219,901.0,53.73,54.3,16.27,25.73,54.015,28.285,0.031392896781354054,0.8879480854605994
2026-04-23 12:52:00,1220,902.0,53.82,54.39,16.28,25.09,54.105000000000004,29.015000000000004,0.032167405764966746,0.9333372782705103
2026-04-23 12:53:00,1221,909.0,53.91,54.49,16.3,25.24,54.2,28.960000000000004,0.03185918591859187,0.9226420242024205
2026-04-23 12:54:00,1222,903.0,54.0,54.57,16.29,25.73,54.285,28.554999999999996,0.03162236987818383,0.902976771871539
2026-04-23 12:55:00,1223,903.0,54.06,54.63,16.29,26.05,54.345,28.294999999999998,0.0313344407530454,0.8866080011074197
2026-04-23 12:56:00,1224,904.0,54.16,54.72,16.3,26.29,54.44,28.15,0.03113938053097345,0.8765735619469025
2026-04-23 12:57:00,1225,905.0,54.24,54.8,16.31,26.5,54.519999999999996,28.019999999999996,0.030961325966850823,0.86753635359116
2026-04-23 12:58:00,1226,909.0,54.3,54.87,16.3,26.75,54.584999999999994,27.834999999999994,0.030621562156215615,0.8523511826182615
2026-04-23 12:59:00,1227,905.0,54.4,54.97,16.3,26.88,54.685,27.805000000000003,0.030723756906077353,0.8542740607734809
2026-04-23 13:00:00,1228,895.0,54.48,55.04,16.31,27.13,54.76,27.63,0.030871508379888266,0.8529797765363127
2026-04-23 13:01:00,1229,894.0,54.55,55.12,16.28,27.41,54.834999999999994,27.424999999999994,0.03067673378076062,0.8413094239373599
2026-04-23 13:02:00,1230,899.0,54.61,55.17,16.28,27.52,54.89,27.37,0.030444938820912124,0.8332779755283649
2026-04-23 13:03:00,1231,904.0,54.67,55.24,16.3,27.53,54.955,27.424999999999997,0.03033738938053097,0.8320029037610618
2026-04-23 13:04:00,1232,900.0,54.76,55.32,16.29,27.6,55.04,27.439999999999998,0.030488888888888885,0.8366151111111109
2026-04-23 13:05:00,1233,896.0,54.85,55.42,16.29,27.48,55.135000000000005,27.655000000000005,0.030864955357142863,0.853570340401786
2026-04-23 13:06:00,1234,891.0,54.91,55.47,16.29,27.75,55.19,27.439999999999998,0.03079685746352413,0.8450657687991019
2026-04-23 13:07:00,1235,895.0,55.0,55.56,16.28,27.67,55.28,27.61,0.030849162011173183,0.8517453631284916
2026-04-23 13:08:00,1236,895.0,55.12,55.66,16.3,26.9,55.39,28.490000000000002,0.031832402234636875,0.9069051396648047
2026-04-23 13:09:00,1237,887.0,55.28,55.77,16.27,26.49,55.525000000000006,29.035000000000007,0.03273393461104849,0.9504297914317931
2026-04-23 13:10:00,1238,880.0,55.31,55.78,16.28,26.76,55.545,28.785,0.03271022727272727,0.9415638920454545
2026-04-23 13:11:00,1239,882.0,55.36,55.84,16.27,27.11,55.6,28.490000000000002,0.0323015873015873,0.9202722222222224
2026-04-23 13:12:00,1240,885.0,55.42,55.89,16.3,26.98,55.655,28.675,0.032401129943502825,0.9291024011299435
2026-04-23 13:13:00,1241,891.0,55.48,55.98,16.26,26.36,55.73,29.369999999999997,0.03296296296296296,0.9681222222222221
2026-04-23 13:14:00,1242,898.0,55.54,56.04,16.26,26.23,55.79,29.56,0.03291759465478842,0.9730440979955456
2026-04-23 13:15:00,1243,896.0,55.61,56.11,16.27,25.59,55.86,30.27,0.03378348214285714,1.0226260044642856
2026-04-23 13:16:00,1244,880.0,55.67,56.16,16.29,25.03,55.915,30.884999999999998,0.035096590909090904,1.0839582102272727
2026-04-23 13:17:00,1245,883.0,55.75,56.22,16.29,24.96,55.985,31.025,0.03513590033975085,1.0900913080407701
2026-04-23 13:18:00,1246,883.0,55.82,56.3,16.24,25.03,56.06,31.03,0.035141562853907134,1.0904426953567383
2026-04-23 13:19:00,1247,879.0,55.88,56.37,16.26,25.37,56.125,30.755,0.03498862343572241,1.0760751137656428
2026-04-23 13:20:00,1248,884.0,55.94,56.43,16.26,25.94,56.185,30.245,0.03421380090497737,1.0347964083710408
2026-04-23 13:21:00,1249,884.0,56.0,56.5,16.27,26.39,56.25,29.86,0.03377828054298643,1.0086194570135747
2026-04-23 13:22:00,1250,879.0,56.06,56.55,16.28,26.27,56.305,30.035,0.034169510807736066,1.0262812571103526
2026-04-23 13:23:00,1251,879.0,56.13,56.62,16.27,26.16,56.375,30.215,0.03437428896473265,1.038619141069397
2026-04-23 13:24:00,1252,885.0,56.21,56.7,16.28,26.06,56.455,30.395,0.03434463276836158,1.0439051129943502
2026-04-23 13:25:00,1253,888.0,56.26,56.77,16.32,26.07,56.515,30.445,0.034284909909909914,1.0438040822072072
2026-04-23 13:26:00,1254,885.0,56.33,56.84,16.33,26.34,56.585,30.245,0.034175141242937856,1.0336271468926554
2026-04-23 13:27:00,1255,881.0,56.4,56.93,16.33,26.89,56.665,29.775,0.03379682179341657,1.0063003688989784
2026-04-23 13:28:00,1256,874.0,56.44,56.97,16.28,27.43,56.705,29.275,0.033495423340961096,0.980578518306636
2026-04-23 13:29:00,1257,883.0,56.52,57.05,16.28,27.74,56.785,29.044999999999998,0.03289354473386183,0.9553930067950169
2026-04-23 13:30:00,1258,875.0,56.59,57.11,16.29,27.32,56.85,29.53,0.03374857142857143,0.9965953142857144
2026-04-23 13:31:00,1259,869.0,56.64,57.17,16.31,26.98,56.905,29.925,0.0344361334867664,1.0305012945914844
2026-04-23 13:32:00,1260,871.0,56.71,57.22,16.28,27.06,56.965,29.905000000000005,0.03433409873708382,1.0267612227324916
2026-04-23 13:33:00,1261,872.0,56.78,57.3,16.24,26.84,57.04,30.2,0.03463302752293578,1.0459174311926605
2026-04-23 13:34:00,1262,874.0,56.83,57.34,16.25,25.89,57.085,31.195,0.03569221967963387,1.1134187929061785
2026-04-23 13:35:00,1263,881.0,56.89,57.4,16.23,25.68,57.144999999999996,31.464999999999996,0.03571509648127128,1.1237755107832008
2026-04-23 13:36:00,1264,879.0,56.97,57.47,16.28,25.43,57.22,31.79,0.03616609783845279,1.149720250284414
2026-04-23 13:37:00,1265,875.0,57.03,57.52,16.23,25.45,57.275000000000006,31.825000000000006,0.036371428571428575,1.1575207142857147
2026-04-23 13:38:00,1266,881.0,57.09,57.59,16.25,25.56,57.34,31.780000000000005,0.03607264472190693,1.1463886492622024
2026-04-23 13:39:00,1267,882.0,57.14,57.65,16.27,25.85,57.394999999999996,31.544999999999995,0.03576530612244897,1.1282165816326528
2026-04-23 13:40:00,1268,882.0,57.2,57.72,16.28,26.33,57.46,31.130000000000003,0.03529478458049887,1.0987266439909298
2026-04-23 13:41:00,1269,878.0,57.28,57.8,16.26,26.81,57.54,30.73,0.035,1.07555
2026-04-23 13:42:00,1270,871.0,57.32,57.84,16.26,26.86,57.58,30.72,0.03526980482204363,1.0834884041331803
2026-04-23 13:43:00,1271,865.0,57.37,57.88,16.28,26.73,57.625,30.895,0.03571676300578035,1.103469393063584
2026-04-23 13:44:00,1272,873.0,57.42,57.94,16.27,26.8,57.68,30.88,0.03537227949599084,1.0922959908361969
2026-04-23 13:45:00,1273,877.0,57.48,58.02,16.29,26.97,57.75,30.78,0.035096921322690995,1.0802832383124288
2026-04-23 13:46:00,1274,873.0,57.53,58.06,16.29,27.21,57.795,30.585,0.035034364261168384,1.0715260309278352
2026-04-23 13:47:00,1275,876.0,57.58,58.12,16.27,27.46,57.849999999999994,30.389999999999993,0.0346917808219178,1.0542832191780818
2026-04-23 13:48:00,1276,875.0,57.64,58.19,16.27,27.64,57.915,30.275,0.0346,1.047515
2026-04-23 13:49:00,1277,871.0,57.7,58.25,16.28,27.68,57.975,30.295,0.034781859931113664,1.0537164466130886
2026-04-23 13:50:00,1278,866.0,57.75,58.3,16.28,27.79,58.025,30.235,0.03491339491916859,1.0556064953810622
2026-04-23 13:51:00,1279,887.0,57.81,58.37,16.27,27.7,58.09,30.390000000000004,0.03426155580608794,1.0412086809470127
2026-04-23 13:52:00,1280,892.0,57.87,58.43,16.28,27.62,58.15,30.529999999999998,0.034226457399103134,1.0449337443946187
2026-04-23 13:53:00,1281,891.0,57.94,58.48,16.3,26.78,58.209999999999994,31.429999999999993,0.0352749719416386,1.1086923681257008
2026-04-23 13:54:00,1282,890.0,57.97,58.52,16.28,25.95,58.245000000000005,32.295,0.03628651685393259,1.171873061797753
2026-04-23 13:55:00,1283,890.0,58.03,58.57,16.26,26.07,58.3,32.23,0.03621348314606741,1.1671605617977525
2026-04-23 13:56:00,1284,897.0,58.08,58.63,16.31,26.2,58.355000000000004,32.155,0.03584726867335563,1.1526689241917503
2026-04-23 13:57:00,1285,890.0,58.12,58.68,16.3,26.48,58.4,31.919999999999998,0.035865168539325844,1.1448161797752807
2026-04-23 13:58:00,1286,888.0,58.19,58.73,16.29,26.77,58.459999999999994,31.689999999999994,0.03568693693693693,1.1309190315315312
2026-04-23 13:59:00,1287,890.0,58.25,58.8,16.31,26.99,58.525,31.535,0.03543258426966292,1.1173665449438202
2026-04-23 14:00:00,1288,891.0,58.31,58.86,16.31,27.18,58.585,31.405,0.03524691358024692,1.1069293209876543
2026-04-23 14:01:00,1289,894.0,58.36,58.92,16.31,27.26,58.64,31.38,0.03510067114093959,1.1014590604026846
2026-04-23 14:02:00,1290,893.0,58.42,58.98,16.31,27.52,58.7,31.180000000000003,0.034916013437849946,1.0886812989921615
2026-04-23 14:03:00,1291,889.0,58.48,59.02,16.33,27.33,58.75,31.42,0.03534308211473566,1.1104796400449946
2026-04-23 14:04:00,1292,888.0,58.51,59.07,16.29,26.74,58.79,32.05,0.03609234234234234,1.156759572072072
2026-04-23 14:05:00,1293,885.0,58.58,59.12,16.33,26.9,58.849999999999994,31.949999999999996,0.03610169491525423,1.1534491525423727
2026-04-23 14:06:00,1294,875.0,58.63,59.17,16.31,27.12,58.900000000000006,31.780000000000005,0.036320000000000005,1.1542496000000004
2026-04-23 14:07:00,1295,868.0,58.68,59.21,16.34,27.31,58.945,31.635,0.036445852534562215,1.1529645449308756
2026-04-23 14:08:00,1296,872.0,58.71,59.24,16.31,27.42,58.975,31.555,0.036186926605504585,1.1418784690366972
2026-04-23 14:09:00,1297,873.0,58.76,59.3,16.31,27.47,59.03,31.560000000000002,0.036151202749140895,1.1409319587628868
2026-04-23 14:10:00,1298,870.0,58.8,59.34,16.32,27.57,59.07,31.5,0.03620689655172414,1.1405172413793103
2026-04-23 14:11:00,1299,865.0,58.85,59.38,16.32,27.67,59.115,31.445,0.036352601156069364,1.1431075433526012
2026-04-23 14:12:00,1300,867.0,58.88,59.43,16.32,27.76,59.155,31.395,0.03621107266435986,1.1368466262975778
2026-04-23 14:13:00,1301,869.0,58.94,59.49,16.29,27.9,59.215,31.315000000000005,0.03603567318757193,1.128457105868815
2026-04-23 14:14:00,1302,868.0,58.99,59.54,16.34,27.85,59.265,31.415,0.03619239631336405,1.1369841301843318
2026-04-23 14:15:00,1303,865.0,59.04,59.58,16.35,27.46,59.31,31.85,0.036820809248554916,1.1727427745664742
2026-04-23 14:16:00,1304,864.0,59.06,59.61,16.35,27.02,59.335,32.315,0.03740162037037037,1.2086333622685184
2026-04-23 14:17:00,1305,863.0,59.12,59.66,16.32,27.0,59.39,32.39,0.037531865585168016,1.2156571263035922
2026-04-23 14:18:00,1306,858.0,59.16,59.71,16.32,27.02,59.435,32.415000000000006,0.037779720279720284,1.2246296328671333
2026-04-23 14:19:00,1307,854.0,59.19,59.74,16.32,27.31,59.465,32.155,0.03765222482435597,1.2107072892271662
2026-04-23 14:20:00,1308,850.0,59.22,59.76,16.34,27.43,59.489999999999995,32.059999999999995,0.03771764705882352,1.209227764705882
2026-04-23 14:21:00,1309,855.0,59.27,59.81,16.34,27.51,59.540000000000006,32.03,0.03746198830409357,1.199907485380117
2026-04-23 14:22:00,1310,858.0,59.32,59.87,16.33,27.46,59.595,32.135,0.03745337995337995,1.2035643648018648
2026-04-23 14:23:00,1311,855.0,59.36,59.9,16.31,27.47,59.629999999999995,32.16,0.037614035087719294,1.2096673684210524
2026-04-23 14:24:00,1312,850.0,59.4,59.94,16.31,27.28,59.67,32.39,0.03810588235294118,1.2342495294117648
2026-04-23 14:25:00,1313,848.0,59.44,59.98,16.31,27.47,59.709999999999994,32.239999999999995,0.0380188679245283,1.2257283018867922
2026-04-23 14:26:00,1314,845.0,59.48,60.02,16.32,27.62,59.75,32.129999999999995,0.03802366863905325,1.2217004733727808
2026-04-23 14:27:00,1315,842.0,59.54,60.08,16.33,27.8,59.81,32.010000000000005,0.0380166270783848,1.2169122327790978
2026-04-23 14:28:00,1316,840.0,59.58,60.12,16.33,28.02,59.849999999999994,31.829999999999995,0.03789285714285714,1.2061296428571424
2026-04-23 14:29:00,1317,834.0,59.62,60.16,16.31,27.97,59.89,31.92,0.03827338129496403,1.221686330935252
2026-04-23 14:30:00,1318,828.0,59.65,60.18,16.32,27.82,59.915,32.095,0.03876207729468599,1.2440688707729468
2026-04-23 14:31:00,1319,824.0,59.7,60.23,16.32,27.79,59.965,32.175000000000004,0.039047330097087385,1.256347845873787
2026-04-23 14:32:00,1320,823.0,59.74,60.26,16.32,27.54,60.0,32.46,0.03944106925880923,1.280257108140948
2026-04-23 14:33:00,1321,826.0,59.78,60.29,16.32,26.9,60.035,33.135,0.04011501210653753,1.3292109261501208
2026-04-23 14:34:00,1322,831.0,59.81,60.32,16.31,26.32,60.065,33.745,0.04060770156438026,1.3703068892900117
2026-04-23 14:35:00,1323,823.0,59.84,60.33,16.34,25.92,60.085,34.165,0.04151275820170109,1.4182833839611177
2026-04-23 14:36:00,1324,816.0,59.87,60.34,16.32,25.31,60.105000000000004,34.795,0.04264093137254902,1.4836912071078432
2026-04-23 14:37:00,1325,813.0,59.92,60.36,16.32,25.03,60.14,35.11,0.043185731857318575,1.516251045510455
2026-04-23 14:38:00,1326,819.0,59.93,60.38,16.32,25.37,60.155,34.785,0.04247252747252747,1.477406868131868
2026-04-23 14:39:00,1327,818.0,59.95,60.4,16.33,25.83,60.175,34.345,0.04198655256723716,1.4420281479217605
2026-04-23 14:40:00,1328,815.0,59.98,60.44,16.34,26.18,60.209999999999994,34.029999999999994,0.04175460122699386,1.4209090797546007
2026-04-23 14:41:00,1329,811.0,60.0,60.46,16.29,26.56,60.230000000000004,33.67,0.04151664611590629,1.397865474722565
2026-04-23 14:42:00,1330,809.0,60.0,60.47,16.3,26.73,60.235,33.504999999999995,0.041415327564894924,1.3876205500618042
2026-04-23 14:43:00,1331,805.0,60.02,60.5,16.3,26.89,60.260000000000005,33.370000000000005,0.04145341614906833,1.3833004968944103
2026-04-23 14:44:00,1332,798.8,60.05,60.52,16.29,26.92,60.285,33.364999999999995,0.04176890335503255,1.3936194604406607
2026-04-23 14:45:00,1333,797.2,60.08,60.55,16.32,26.66,60.315,33.655,0.04221650777722027,1.4207965692423483
2026-04-23 14:46:00,1334,795.1,60.09,60.57,16.3,26.77,60.33,33.56,0.042208527229279334,1.4165181738146146
2026-04-23 14:47:00,1335,798.0,60.1,60.59,16.31,26.96,60.345,33.385,0.04183583959899749,1.396689505012531
2026-04-23 14:48:00,1336,790.6,60.12,60.61,16.3,27.13,60.364999999999995,33.235,0.042037692891474826,1.397122723248166
2026-04-23 14:49:00,1337,784.2,60.14,60.63,16.3,27.24,60.385000000000005,33.14500000000001,0.042266003570517734,1.4009066883448107
2026-04-23 14:50:00,1338,781.5,60.18,60.65,16.31,27.03,60.415,33.385,0.0427191298784389,1.4261781509916824
2026-04-23 14:51:00,1339,783.2,60.18,60.67,16.33,26.98,60.425,33.44499999999999,0.042703013278855964,1.4282022791113376
2026-04-23 14:52:00,1340,783.3,60.21,60.7,16.34,27.11,60.455,33.345,0.04256989659134432,1.4194932018383761
2026-04-23 14:53:00,1341,779.1,60.24,60.73,16.33,27.22,60.485,33.265,0.04269670132203825,1.4203057694776022
2026-04-23 14:54:00,1342,775.5,60.25,60.73,16.32,26.94,60.489999999999995,33.55,0.043262411347517724,1.4514539007092195
2026-04-23 14:55:00,1343,768.9,60.26,60.72,16.35,26.48,60.489999999999995,34.00999999999999,0.04423201976850044,1.5043309923266996
2026-04-23 14:56:00,1344,766.9,60.3,60.74,16.34,26.12,60.519999999999996,34.39999999999999,0.044855913417655484,1.5430434215673483
2026-04-23 14:57:00,1345,768.5,60.32,60.77,16.35,26.13,60.545,34.415000000000006,0.04478204294079376,1.5411740078074176
2026-04-23 14:58:00,1346,764.0,60.32,60.78,16.35,26.34,60.55,34.209999999999994,0.04477748691099476,1.5318378272251303
2026-04-23 14:59:00,1347,753.4,60.36,60.82,16.36,26.59,60.59,34.0,0.04512874966817096,1.5343774887178125
2026-04-23 15:00:00,1348,754.1,60.39,60.84,16.36,26.75,60.615,33.865,0.04490783715687575,1.5208039053175972
2026-04-23 15:01:00,1349,753.3,60.4,60.86,16.37,26.81,60.629999999999995,33.81999999999999,0.04489579184919686,1.5183756803398376
2026-04-23 15:02:00,1350,750.5,60.43,60.89,16.38,26.97,60.66,33.69,0.044890073284477014,1.5123465689540303
2026-04-23 15:03:00,1351,748.4,60.43,60.89,16.4,27.15,60.66,33.51,0.04477552111170497,1.5004277124532335
2026-04-23 15:04:00,1352,740.8,60.45,60.91,16.4,27.25,60.68,33.43,0.0451268898488121,1.5085919276457886
2026-04-23 15:05:00,1353,735.6,60.48,60.93,16.4,27.1,60.705,33.605,0.045683795541054915,1.5352039491571503
2026-04-23 15:06:00,1354,735.2,60.51,60.97,16.39,27.18,60.739999999999995,33.559999999999995,0.045647442872687696,1.531928182807399
2026-04-23 15:07:00,1355,735.8,60.51,60.97,16.39,27.26,60.739999999999995,33.47999999999999,0.045501494971459625,1.5233900516444678
2026-04-23 15:08:00,1356,732.3,60.54,61.0,16.39,27.37,60.769999999999996,33.39999999999999,0.04560972279120578,1.5233647412262727
2026-04-23 15:09:00,1357,728.0,60.57,61.03,16.39,27.33,60.8,33.47,0.045975274725274726,1.538792445054945
2026-04-23 15:10:00,1358,723.8,60.58,61.03,16.41,27.38,60.805,33.425,0.04617988394584139,1.5435626208897486
2026-04-23 15:11:00,1359,720.0,60.61,61.06,16.41,27.43,60.835,33.405,0.04639583333333334,1.5498528125000002
2026-04-23 15:12:00,1360,718.2,60.63,61.07,16.39,27.56,60.85,33.290000000000006,0.0463519910888332,1.5430577833472574
2026-04-23 15:13:00,1361,716.2,60.64,61.09,16.39,27.63,60.865,33.235,0.046404635576654564,1.5422580633901144
2026-04-23 15:14:00,1362,715.0,60.71,61.13,16.35,27.73,60.92,33.19,0.046419580419580414,1.5406658741258739
2026-04-23 15:15:00,1363,712.9,60.78,61.16,16.37,27.63,60.97,33.34,0.046766727451255444,1.5592026932248564
2026-04-23 15:16:00,1364,709.9,60.73,61.11,16.38,27.32,60.92,33.6,0.04733060994506269,1.5903084941541064
2026-04-23 15:17:00,1365,708.0,60.71,61.1,16.35,27.27,60.905,33.635000000000005,0.04750706214689266,1.5979000353107349
2026-04-23 15:18:00,1366,696.2,60.71,61.1,16.33,27.31,60.905,33.595,0.048254811835679395,1.6211204036196492
2026-04-23 15:19:00,1367,690.9,60.73,61.12,16.34,27.35,60.925,33.574999999999996,0.04859603415834418,1.6316118468664056
2026-04-23 15:20:00,1368,685.3,60.74,61.12,16.34,26.74,60.93,34.19,0.04989055887932292,1.7057582080840508
2026-04-23 15:21:00,1369,684.6,60.74,61.11,16.37,25.89,60.925,35.035,0.05117586912065439,1.7929465746421265
2026-04-23 15:22:00,1370,685.4,60.74,61.11,16.35,25.89,60.925,35.035,0.05111613656259118,1.790853844470382
2026-04-23 15:23:00,1371,683.0,60.75,61.12,16.34,26.28,60.935,34.655,0.0507393850658858,1.7583733894582725
2026-04-23 15:24:00,1372,676.7,60.78,61.14,16.34,26.8,60.96,34.16,0.05048027190778778,1.7244060883700307
2026-04-23 15:25:00,1373,667.5,60.77,61.12,16.35,26.79,60.945,34.155,0.0511685393258427,1.7476614606741574
2026-04-23 15:26:00,1374,663.2,60.76,61.11,16.33,26.58,60.935,34.355000000000004,0.0518018697225573,1.7796532343184563
2026-04-23 15:27:00,1375,663.4,60.79,61.13,16.35,26.54,60.96,34.42,0.0518842327404281,1.7858552909255356
2026-04-23 15:28:00,1376,660.4,60.78,61.12,16.35,26.33,60.95,34.620000000000005,0.052422774076317395,1.8148764385221081
2026-04-23 15:29:00,1377,657.9,60.78,61.12,16.35,26.28,60.95,34.67,0.05269797841617267,1.8270389116887067
2026-04-23 15:30:00,1378,652.6,60.77,61.11,16.36,26.66,60.94,34.28,0.05252834814587803,1.8006717744406988
2026-04-23 15:31:00,1379,643.5,60.76,61.1,16.35,27.01,60.93,33.92,0.05271173271173271,1.7879819735819737
2026-04-23 15:32:00,1380,637.6,60.78,61.12,16.34,27.18,60.95,33.77,0.05296424090338771,1.7886024153074032
2026-04-23 15:33:00,1381,629.0,60.79,61.12,16.34,27.3,60.955,33.655,0.05350556438791733,1.800729769475358
2026-04-23 15:34:00,1382,623.8,60.78,61.11,16.36,27.32,60.945,33.625,0.0539034947098429,1.8125050096184676
2026-04-23 15:35:00,1383,619.1,60.78,61.11,16.35,27.26,60.945,33.685,0.054409626877725735,1.8327882813761913
2026-04-23 15:36:00,1384,615.6,60.79,61.11,16.36,26.99,60.95,33.96000000000001,0.05516569200779728,1.873426900584796
2026-04-23 15:37:00,1385,612.1,60.78,61.09,16.35,26.76,60.935,34.175,0.05583238033001143,1.9080715977781404
2026-04-23 15:38:00,1386,607.9,60.77,61.09,16.36,26.93,60.93000000000001,34.00000000000001,0.0559302516861326,1.9016285573285088
2026-04-23 15:39:00,1387,601.6,60.79,61.09,16.36,27.08,60.94,33.86,0.05628324468085106,1.9057506648936167
2026-04-23 15:40:00,1388,594.6,60.78,61.08,16.39,27.23,60.93,33.7,0.05667675748402288,1.9100067272115713
2026-04-23 15:41:00,1389,591.9,60.78,61.08,16.39,27.22,60.93,33.71,0.05695218786957257,1.9198582530832913
2026-04-23 15:42:00,1390,589.5,60.77,61.07,16.4,27.14,60.92,33.78,0.0573027989821883,1.9356885496183207
2026-04-23 15:43:00,1391,588.6,60.77,61.06,16.4,27.18,60.915000000000006,33.73500000000001,0.057313965341488284,1.9334866207951076
2026-04-23 15:44:00,1392,586.9,60.77,61.06,16.41,27.32,60.915000000000006,33.595000000000006,0.057241438064406215,1.9230261117737268
2026-04-23 15:45:00,1393,583.8,60.76,61.06,16.41,27.48,60.91,33.42999999999999,0.05726276121959575,1.914294107571085
2026-04-23 15:46:00,1394,581.6,60.77,61.06,16.41,27.53,60.915000000000006,33.385000000000005,0.05740199449793673,1.9163655863136182
2026-04-23 15:47:00,1395,579.2,60.78,61.06,16.39,27.32,60.92,33.6,0.058011049723756904,1.949171270718232
2026-04-23 15:48:00,1396,572.5,60.76,61.04,16.4,27.33,60.9,33.57,0.05863755458515284,1.9684627074235808
2026-04-23 15:49:00,1397,568.8,60.74,61.02,16.41,27.0,60.88,33.88,0.059563994374120965,2.0180281293952183
2026-04-23 15:50:00,1398,566.7,60.75,61.02,16.39,27.0,60.885000000000005,33.885000000000005,0.05979354155637904,2.0261041556379045
2026-04-23 15:51:00,1399,561.9,60.75,61.02,16.4,27.11,60.885000000000005,33.775000000000006,0.06010856024203596,2.030166622174765
2026-04-23 15:52:00,1400,558.5,60.75,61.01,16.4,27.31,60.879999999999995,33.56999999999999,0.06010743061772604,2.0178064458370626
2026-04-23 15:53:00,1401,553.9,60.74,61.0,16.43,27.43,60.870000000000005,33.440000000000005,0.06037190828669436,2.0188366131070596
2026-04-23 15:54:00,1402,548.7,60.73,60.99,16.44,27.33,60.86,33.53,0.061108073628576634,2.048953708766174
2026-04-23 15:55:00,1403,543.2,60.72,60.96,16.42,27.25,60.84,33.59,0.061837260677466865,2.0771135861561123
2026-04-23 15:56:00,1404,539.7,60.71,60.94,16.41,27.15,60.825,33.675000000000004,0.062395775430794886,2.101177737632018
2026-04-23 15:57:00,1405,538.5,60.7,60.93,16.43,27.03,60.815,33.785,0.06273909006499535,2.1196401578458675
2026-04-23 15:58:00,1406,536.3,60.7,60.92,16.44,26.92,60.81,33.89,0.06319224314749208,2.141585120268507
2026-04-23 15:59:00,1407,531.3,60.68,60.9,16.44,26.81,60.79,33.980000000000004,0.06395633352155093,2.1732362130623004
2026-04-23 16:00:00,1408,527.2,60.66,60.88,16.44,26.91,60.769999999999996,33.86,0.06422610015174506,2.1746957511380876
2026-04-23 16:01:00,1409,523.8,60.63,60.84,16.45,26.84,60.735,33.894999999999996,0.0647098129056892,2.1933391084383347
2026-04-23 16:02:00,1410,520.1,60.62,60.84,16.45,26.69,60.730000000000004,34.040000000000006,0.06544895212459144,2.227882330321093
2026-04-23 16:03:00,1411,516.8,60.61,60.82,16.44,26.49,60.715,34.22500000000001,0.06622484520123842,2.266545327012385
2026-04-23 16:04:00,1412,514.9,60.61,60.81,16.46,26.33,60.71,34.38,0.06677024664983493,2.2955610798213253
2026-04-23 16:05:00,1413,510.8,60.58,60.77,16.45,26.22,60.675,34.455,0.06745301487862176,2.324093627642913
2026-04-23 16:06:00,1414,506.8,60.56,60.76,16.45,26.19,60.66,34.47,0.06801499605367008,2.3444769139700075
2026-04-23 16:07:00,1415,502.6,60.54,60.73,16.49,26.12,60.635,34.515,0.06867290091524074,2.3702451750895346
2026-04-23 16:08:00,1416,494.1,60.52,60.7,16.45,26.1,60.61,34.51,0.06984416110099169,2.410321999595223
2026-04-23 16:09:00,1417,490.6,60.52,60.69,16.47,26.11,60.605000000000004,34.495000000000005,0.07031186302486751,2.4254077150428053
2026-04-23 16:10:00,1418,488.7,60.51,60.68,16.48,26.14,60.595,34.455,0.07050337630448128,2.4291938305709024
2026-04-23 16:11:00,1419,482.1,60.5,60.67,16.48,26.2,60.585,34.385000000000005,0.07132337689276085,2.452454314457582
2026-04-23 16:12:00,1420,479.1,60.46,60.62,16.48,26.29,60.54,34.25,0.07148820705489459,2.4484710916301395
2026-04-23 16:13:00,1421,474.8,60.45,60.62,16.49,26.39,60.535,34.144999999999996,0.07191449031171018,2.4555202716933437
2026-04-23 16:14:00,1422,464.7,60.42,60.58,16.49,26.44,60.5,34.06,0.0732945986658059,2.4964140305573492
2026-04-23 16:15:00,1423,454.7,60.41,60.55,16.5,26.47,60.48,34.01,0.07479656916648339,2.5438313173521
2026-04-23 16:16:00,1424,447.7,60.41,60.55,16.51,26.45,60.48,34.03,0.07601072146526693,2.586644851463033
2026-04-23 16:17:00,1425,441.0,60.39,60.52,16.49,26.4,60.455,34.055,0.07722222222222222,2.629802777777778
2026-04-23 16:18:00,1426,438.8,60.37,60.49,16.51,26.19,60.43,34.239999999999995,0.07803099361896079,2.671781221513217
2026-04-23 16:19:00,1427,433.0,60.35,60.46,16.51,26.19,60.405,34.215,0.07901847575057737,2.703617147806005
2026-04-23 16:20:00,1428,429.5,60.43,60.49,16.52,26.25,60.46,34.21,0.07965075669383004,2.7248523864959258
2026-04-23 16:21:00,1429,425.6,60.39,60.41,16.5,26.16,60.4,34.239999999999995,0.08045112781954886,2.7546466165413523
2026-04-23 16:22:00,1430,420.7,60.31,60.34,16.51,26.13,60.325,34.19500000000001,0.08128119800332781,2.779410565723795
2026-04-23 16:23:00,1431,413.2,60.26,60.3,16.52,26.14,60.28,34.14,0.08262342691190706,2.8207637947725073
2026-04-23 16:24:00,1432,407.9,60.21,60.26,16.5,26.09,60.235,34.144999999999996,0.08370924246138758,2.858252083844079
2026-04-23 16:25:00,1433,406.0,60.19,60.25,16.5,26.07,60.22,34.15,0.08411330049261083,2.8724692118226596
2026-04-23 16:26:00,1434,403.8,60.15,60.2,16.51,25.93,60.175,34.245,0.08480683506686477,2.904210066864784
2026-04-23 16:27:00,1435,396.2,60.12,60.18,16.51,25.85,60.15,34.3,0.08657243816254416,2.9694346289752644
2026-04-23 16:28:00,1436,393.3,60.1,60.15,16.52,25.86,60.125,34.265,0.08712178998220188,2.9852281337401476
2026-04-23 16:29:00,1437,391.3,60.06,60.11,16.52,25.84,60.085,34.245000000000005,0.08751597239969335,2.996984474827499
2026-04-23 16:30:00,1438,388.2,60.05,60.1,16.53,25.73,60.075,34.345,0.08847243688820196,3.0385858449252963
2026-04-23 16:31:00,1439,379.4,60.02,60.06,16.54,25.62,60.040000000000006,34.42,0.09072219293621508,3.122657880864524
2026-04-23 16:32:00,1440,376.2,59.98,60.01,16.53,25.47,59.995,34.525,0.09177299308878256,3.1684625863902176
2026-04-23 16:33:00,1441,375.6,59.96,59.99,16.54,25.44,59.975,34.535,0.0919462193823216,3.175362686368476
2026-04-23 16:34:00,1442,377.5,59.93,59.96,16.53,25.41,59.945,34.535,0.09148344370860927,3.1593807284768203
2026-04-23 16:35:00,1443,373.2,59.89,59.92,16.55,25.49,59.905,34.415000000000006,0.0922159699892819,3.1736126071811377
2026-04-23 16:36:00,1444,366.6,59.85,59.88,16.53,25.48,59.865,34.385000000000005,0.09379432624113476,3.2251179078014194
2026-04-23 16:37:00,1445,364.6,59.82,59.85,16.54,25.45,59.835,34.385000000000005,0.09430883159626989,3.242809174437741
2026-04-23 16:38:00,1446,358.2,59.8,59.81,16.56,25.41,59.805,34.394999999999996,0.09602177554438861,3.3026689698492455
2026-04-23 16:39:00,1447,352.2,59.76,59.78,16.55,25.31,59.769999999999996,34.459999999999994,0.09784213515048266,3.371639977285632
2026-04-23 16:40:00,1448,347.6,59.71,59.72,16.55,25.25,59.715,34.465,0.09915132336018412,3.417250359608746
